[OTEL] OTLP_ENDPOINT not set, skipping OpenTelemetry instrumentation
[32minfo[39m:    [sequelize] Checking URL: FOUND
[32minfo[39m:    [sequelize] secret-env-postgresql: EXISTS
[32minfo[39m:    [sequelize] SECRET_ENV_POSTGRESQL: EXISTS
[33mwarn[39m:    [AUTH_CONFIG] Keycloak authentication BYPASS enabled via KEYCLOAK_BYPASS_AUTH
ENTRY { pid: 1368, ts: '2026-02-17T14:36:51.679Z' }
[32minfo[39m:    Starting Advana Marketplace Monolith ...
✅ DB connection OK
[32minfo[39m:    Running database migration ...
[migrate] Dialect: postgres | DB: advana-marketplace-monolith-db | Host: localhost | Port: 5432
[migrate] Testing DB connection…
[32minfo[39m:    Configuring morgan ...
[migrate] DB connection OK
Database connection OK
[32minfo[39m:    Configuring routes...
[33mwarn[39m:    [ROUTES] No routes mounted yet.
[32minfo[39m:    Startup complete
App listening at http://0.0.0.0:8082
[migrate] SequelizeMeta present, applied migrations: []
────────────────────────────────────────────────────────
[migrate] NODE_ENV: development
[migrate] CWD     : /Users/kberres/dev/CDAO/advana-marketplace-monolith-node
[migrate] Glob    : /Users/kberres/dev/CDAO/advana-marketplace-monolith-node/src/main/rdbms/migrations/**/*.ts
[migrate] Cannot read dir: /Users/kberres/dev/CDAO/advana-marketplace-monolith-node/src/main/rdbms/migrations/** ENOENT: no such file or directory, scandir '/Users/kberres/dev/CDAO/advana-marketplace-monolith-node/src/main/rdbms/migrations/**'
────────────────────────────────────────────────────────
[migrate] Executed: [
  '2025_07_16-01-create_marketplace_user_table.ts',
  '2025_07_16-02-create_role_table.ts',
  '2025_07_16-03-create_user_roles_table.ts',
  '2025_07_16-04-create_status_table.ts',
  '2025_07_16-05-create_use_case_request_table.ts',
  '2025_07_17-01-create_marketplace_order_table.ts',
  '2025_07_17-02-create_product_table.ts',
  '2025_07_17-03-create_order_item_table.ts',
  '2025_07_17-04-create_decision_table.ts',
  '2025_07_21-01-seed_authorized_users.ts',
  '2025_08_06-01-seed_products.ts',
  '2025_08_06-02-create_cart_item_table.ts',
  '2025_08_15-01-seed_authorized_users.ts',
  '2025_10_28-01-drop_role_table.ts',
  '2025_10_28-02-drop_user_roles_table.ts',
  '2025_10_31-01-seed_authorized_users.ts',
  '2025_11_18-01-session_tokens.ts',
  '2025_11_21-01-create_notification_priority_table.ts',
  '2025_11_21-02-create_notification_table.ts',
  '2025_11_21-03-create_notification_recipient_table.ts',
  '2025_12_22-01-increase_status_code_length.ts',
  '2025_12_22-02-add_additional_status_values.ts'
]
[migrate] Pending : []
[migrate] No pending migrations.
[32mhttp[39m:undefined[0mGET /actuator/health [32m200[0m 1.598 ms - 15[0m
[32minfo[39m:    [AUTH_BYPASS] Mock token detected, parsing payload
[33mwarn[39m:    [AUTH_BYPASS] Mock token authenticated: email=bypass@local.dev, sub=bypass-user, roles=[], path=/requests/viewForRequestor, method=POST
[32minfo[39m:    [AUTH_BYPASS] Mock token detected, parsing payload
[33mwarn[39m:    [AUTH_BYPASS] Mock token authenticated: email=bypass@local.dev, sub=bypass-user, roles=[], path=/requests/viewForRequestor, method=POST
[33mwarn[39m:    [DENY] bypass-user lacks marketplace-requestor for POST /api/requests/viewForRequestor
[33mwarn[39m:    [AUTHZ_ERROR] [UnauthorizedUserError] user=bypass-user, required_role=marketplace-requestor, message=Requestor role required
[32mhttp[39m:undefined[0mPOST /api/requests/viewForRequestor [33m403[0m 27.776 ms - 109[0m
[33mwarn[39m:    [DENY] bypass-user lacks marketplace-requestor for POST /api/requests/viewForRequestor
[33mwarn[39m:    [AUTHZ_ERROR] [UnauthorizedUserError] user=bypass-user, required_role=marketplace-requestor, message=Requestor role required
[32mhttp[39m:undefined[0mPOST /api/requests/viewForRequestor [33m403[0m 11.981 ms - 109[0m
[32minfo[39m:    [AUTH_BYPASS] Mock token detected, parsing payload
[33mwarn[39m:    [AUTH_BYPASS] Mock token authenticated: email=bypass@local.dev, sub=bypass-user, roles=[], path=/requests/viewForRequestor, method=POST
[32minfo[39m:    [AUTH_BYPASS] Mock token detected, parsing payload
[33mwarn[39m:    [AUTH_BYPASS] Mock token authenticated: email=bypass@local.dev, sub=bypass-user, roles=[], path=/requests/viewForRequestor, method=POST
[33mwarn[39m:    [DENY] bypass-user lacks marketplace-requestor for POST /api/requests/viewForRequestor
[33mwarn[39m:    [AUTHZ_ERROR] [UnauthorizedUserError] user=bypass-user, required_role=marketplace-requestor, message=Requestor role required
[32mhttp[39m:undefined[0mPOST /api/requests/viewForRequestor [33m403[0m 11.142 ms - 109[0m
[33mwarn[39m:    [DENY] bypass-user lacks marketplace-requestor for POST /api/requests/viewForRequestor
[33mwarn[39m:    [AUTHZ_ERROR] [UnauthorizedUserError] user=bypass-user, required_role=marketplace-requestor, message=Requestor role required
[32mhttp[39m:undefined[0mPOST /api/requests/viewForRequestor [33m403[0m 10.336 ms - 109[0m
[32minfo[39m:    [AUTH_BYPASS] Mock token detected, parsing payload
[33mwarn[39m:    [AUTH_BYPASS] Mock token authenticated: email=vinoth.jagannathan.civ@mail.mil, sub=requestor-user-vinoth, roles=["marketplace-requestor","marketplace:marketplace-requestor"], path=/requests, method=POST
[32mhttp[39m:undefined[0mPOST /api/requests [32m200[0m 136.195 ms - 39[0m
[32minfo[39m:    [AUTH_BYPASS] Mock token detected, parsing payload
[33mwarn[39m:    [AUTH_BYPASS] Mock token authenticated: email=vinoth.jagannathan.civ@mail.mil, sub=requestor-user-vinoth, roles=["marketplace-requestor","marketplace:marketplace-requestor"], path=/requests/viewForRequestor, method=POST
[32mhttp[39m:undefined[0mPOST /api/requests/viewForRequestor [32m200[0m 33.527 ms - 418[0m
[32minfo[39m:    [AUTH_BYPASS] Mock token detected, parsing payload
[33mwarn[39m:    [AUTH_BYPASS] Mock token authenticated: email=vinoth.jagannathan.civ@mail.mil, sub=requestor-user-vinoth, roles=["marketplace-requestor","marketplace:marketplace-requestor"], path=/requests/viewForRequestor, method=POST
[32minfo[39m:    [AUTH_BYPASS] Mock token detected, parsing payload
[33mwarn[39m:    [AUTH_BYPASS] Mock token authenticated: email=vinoth.jagannathan.civ@mail.mil, sub=requestor-user-vinoth, roles=["marketplace-requestor","marketplace:marketplace-requestor"], path=/requests/viewForRequestor, method=POST
[32minfo[39m:    [AUTH_BYPASS] Mock token detected, parsing payload
[33mwarn[39m:    [AUTH_BYPASS] Mock token authenticated: email=vinoth.jagannathan.civ@mail.mil, sub=requestor-user-vinoth, roles=["marketplace-requestor","marketplace:marketplace-requestor"], path=/requests/viewForRequestor, method=POST
[32minfo[39m:    [AUTH_BYPASS] Mock token detected, parsing payload
[33mwarn[39m:    [AUTH_BYPASS] Mock token authenticated: email=vinoth.jagannathan.civ@mail.mil, sub=requestor-user-vinoth, roles=["marketplace-requestor","marketplace:marketplace-requestor"], path=/requests/viewForRequestor, method=POST
[32mhttp[39m:undefined[0mPOST /api/requests/viewForRequestor [32m200[0m 31.261 ms - 418[0m
[32mhttp[39m:undefined[0mPOST /api/requests/viewForRequestor [32m200[0m 34.684 ms - 418[0m
[32mhttp[39m:undefined[0mPOST /api/requests/viewForRequestor [32m200[0m 54.970 ms - 418[0m
[32mhttp[39m:undefined[0mPOST /api/requests/viewForRequestor [32m200[0m 48.374 ms - 418[0m
[32minfo[39m:    [AUTH_BYPASS] Mock token detected, parsing payload
[33mwarn[39m:    [AUTH_BYPASS] Mock token authenticated: email=vinoth.jagannathan.civ@mail.mil, sub=requestor-user-vinoth, roles=["marketplace-requestor","marketplace:marketplace-requestor"], path=/requests/viewForRequestNumber, method=POST
[32minfo[39m:    [AUTH_BYPASS] Mock token detected, parsing payload
[33mwarn[39m:    [AUTH_BYPASS] Mock token authenticated: email=vinoth.jagannathan.civ@mail.mil, sub=requestor-user-vinoth, roles=["marketplace-requestor","marketplace:marketplace-requestor"], path=/requests/viewForRequestNumber, method=POST
[32mhttp[39m:undefined[0mPOST /api/requests/viewForRequestNumber [32m200[0m 14.085 ms - 403[0m
[32mhttp[39m:undefined[0mPOST /api/requests/viewForRequestNumber [32m200[0m 10.418 ms - 403[0m
[32minfo[39m:    [AUTH_BYPASS] Mock token detected, parsing payload
[33mwarn[39m:    [AUTH_BYPASS] Mock token authenticated: email=vinoth.jagannathan.civ@mail.mil, sub=requestor-user-vinoth, roles=["marketplace-requestor","marketplace:marketplace-requestor"], path=/requests/viewForRequestor, method=POST
[32minfo[39m:    [AUTH_BYPASS] Mock token detected, parsing payload
[33mwarn[39m:    [AUTH_BYPASS] Mock token authenticated: email=vinoth.jagannathan.civ@mail.mil, sub=requestor-user-vinoth, roles=["marketplace-requestor","marketplace:marketplace-requestor"], path=/requests/viewForRequestor, method=POST
[32minfo[39m:    [AUTH_BYPASS] Mock token detected, parsing payload
[33mwarn[39m:    [AUTH_BYPASS] Mock token authenticated: email=vinoth.jagannathan.civ@mail.mil, sub=requestor-user-vinoth, roles=["marketplace-requestor","marketplace:marketplace-requestor"], path=/requests/viewForRequestor, method=POST
[32minfo[39m:    [AUTH_BYPASS] Mock token detected, parsing payload
[33mwarn[39m:    [AUTH_BYPASS] Mock token authenticated: email=vinoth.jagannathan.civ@mail.mil, sub=requestor-user-vinoth, roles=["marketplace-requestor","marketplace:marketplace-requestor"], path=/requests/viewForRequestor, method=POST
[32mhttp[39m:undefined[0mPOST /api/requests/viewForRequestor [32m200[0m 12.420 ms - 418[0m
[32mhttp[39m:undefined[0mPOST /api/requests/viewForRequestor [32m200[0m 6.479 ms - 418[0m
[32mhttp[39m:undefined[0mPOST /api/requests/viewForRequestor [32m200[0m 12.297 ms - 418[0m
[32mhttp[39m:undefined[0mPOST /api/requests/viewForRequestor [32m200[0m 9.502 ms - 418[0m
[32minfo[39m:    [AUTH_BYPASS] Mock token detected, parsing payload
[33mwarn[39m:    [AUTH_BYPASS] Mock token authenticated: email=bypass@local.dev, sub=bypass-user, roles=[], path=/requests/viewAll, method=POST
[32minfo[39m:    [AUTH_BYPASS] Mock token detected, parsing payload
[33mwarn[39m:    [AUTH_BYPASS] Mock token authenticated: email=bypass@local.dev, sub=bypass-user, roles=[], path=/requests/viewAll, method=POST
[33mwarn[39m:    [DENY] bypass-user lacks marketplace-approver for POST /api/requests/viewAll
[33mwarn[39m:    [AUTHZ_ERROR] [UnauthorizedUserError] user=bypass-user, required_role=marketplace-approver, message=Adjudicator role required
[32mhttp[39m:undefined[0mPOST /api/requests/viewAll [33m403[0m 7.046 ms - 111[0m
[33mwarn[39m:    [DENY] bypass-user lacks marketplace-approver for POST /api/requests/viewAll
[33mwarn[39m:    [AUTHZ_ERROR] [UnauthorizedUserError] user=bypass-user, required_role=marketplace-approver, message=Adjudicator role required
[32mhttp[39m:undefined[0mPOST /api/requests/viewAll [33m403[0m 3.101 ms - 111[0m
[32minfo[39m:    [AUTH_BYPASS] Mock token detected, parsing payload
[33mwarn[39m:    [AUTH_BYPASS] Mock token authenticated: email=bypass@local.dev, sub=bypass-user, roles=[], path=/requests/viewAll, method=POST
[32minfo[39m:    [AUTH_BYPASS] Mock token detected, parsing payload
[33mwarn[39m:    [AUTH_BYPASS] Mock token authenticated: email=bypass@local.dev, sub=bypass-user, roles=[], path=/requests/viewAll, method=POST
[33mwarn[39m:    [DENY] bypass-user lacks marketplace-approver for POST /api/requests/viewAll
[33mwarn[39m:    [DENY] bypass-user lacks marketplace-approver for POST /api/requests/viewAll
[32minfo[39m:    [AUTH_BYPASS] Mock token detected, parsing payload
[33mwarn[39m:    [AUTH_BYPASS] Mock token authenticated: email=bypass@local.dev, sub=bypass-user, roles=[], path=/requests/viewAll, method=POST
[33mwarn[39m:    [AUTHZ_ERROR] [UnauthorizedUserError] user=bypass-user, required_role=marketplace-approver, message=Adjudicator role required
[32mhttp[39m:undefined[0mPOST /api/requests/viewAll [33m403[0m 6.724 ms - 111[0m
[33mwarn[39m:    [AUTHZ_ERROR] [UnauthorizedUserError] user=bypass-user, required_role=marketplace-approver, message=Adjudicator role required
[32mhttp[39m:undefined[0mPOST /api/requests/viewAll [33m403[0m 5.295 ms - 111[0m
[33mwarn[39m:    [DENY] bypass-user lacks marketplace-approver for POST /api/requests/viewAll
[32minfo[39m:    [AUTH_BYPASS] Mock token detected, parsing payload
[33mwarn[39m:    [AUTH_BYPASS] Mock token authenticated: email=bypass@local.dev, sub=bypass-user, roles=[], path=/requests/viewAll, method=POST
[33mwarn[39m:    [AUTHZ_ERROR] [UnauthorizedUserError] user=bypass-user, required_role=marketplace-approver, message=Adjudicator role required
[32mhttp[39m:undefined[0mPOST /api/requests/viewAll [33m403[0m 5.429 ms - 111[0m
[33mwarn[39m:    [DENY] bypass-user lacks marketplace-approver for POST /api/requests/viewAll
[32minfo[39m:    [AUTH_BYPASS] Mock token detected, parsing payload
[33mwarn[39m:    [AUTH_BYPASS] Mock token authenticated: email=bypass@local.dev, sub=bypass-user, roles=[], path=/requests/viewAll, method=POST
[33mwarn[39m:    [AUTHZ_ERROR] [UnauthorizedUserError] user=bypass-user, required_role=marketplace-approver, message=Adjudicator role required
[32mhttp[39m:undefined[0mPOST /api/requests/viewAll [33m403[0m 5.282 ms - 111[0m
[33mwarn[39m:    [DENY] bypass-user lacks marketplace-approver for POST /api/requests/viewAll
[32minfo[39m:    [AUTH_BYPASS] Mock token detected, parsing payload
[33mwarn[39m:    [AUTH_BYPASS] Mock token authenticated: email=bypass@local.dev, sub=bypass-user, roles=[], path=/requests/viewAll, method=POST
[33mwarn[39m:    [AUTHZ_ERROR] [UnauthorizedUserError] user=bypass-user, required_role=marketplace-approver, message=Adjudicator role required
[32mhttp[39m:undefined[0mPOST /api/requests/viewAll [33m403[0m 3.407 ms - 111[0m
[33mwarn[39m:    [DENY] bypass-user lacks marketplace-approver for POST /api/requests/viewAll
[33mwarn[39m:    [AUTHZ_ERROR] [UnauthorizedUserError] user=bypass-user, required_role=marketplace-approver, message=Adjudicator role required
[32mhttp[39m:undefined[0mPOST /api/requests/viewAll [33m403[0m 1.986 ms - 111[0m
[32minfo[39m:    [AUTH_BYPASS] Mock token detected, parsing payload
[33mwarn[39m:    [AUTH_BYPASS] Mock token authenticated: email=jennifer.a.cowley.civ@mail.mil, sub=approver-user-jennifer, roles=["marketplace-approver","marketplace:marketplace-approver"], path=/requests/viewAll, method=POST
[32minfo[39m:    [AUTH_BYPASS] Mock token detected, parsing payload
[33mwarn[39m:    [AUTH_BYPASS] Mock token authenticated: email=jennifer.a.cowley.civ@mail.mil, sub=approver-user-jennifer, roles=["marketplace-approver","marketplace:marketplace-approver"], path=/requests/viewAll, method=POST
[32minfo[39m:    [AUTH_BYPASS] Mock token detected, parsing payload
[33mwarn[39m:    [AUTH_BYPASS] Mock token authenticated: email=jennifer.a.cowley.civ@mail.mil, sub=approver-user-jennifer, roles=["marketplace-approver","marketplace:marketplace-approver"], path=/requests/viewAll, method=POST
[32minfo[39m:    [AUTH_BYPASS] Mock token detected, parsing payload
[33mwarn[39m:    [AUTH_BYPASS] Mock token authenticated: email=bypass@local.dev, sub=bypass-user, roles=[], path=/requests/viewAll, method=POST
[32minfo[39m:    [AUTH_BYPASS] Mock token detected, parsing payload
[33mwarn[39m:    [AUTH_BYPASS] Mock token authenticated: email=bypass@local.dev, sub=bypass-user, roles=[], path=/requests/viewAll, method=POST
[32minfo[39m:    [AUTH_BYPASS] Mock token detected, parsing payload
[33mwarn[39m:    [AUTH_BYPASS] Mock token authenticated: email=bypass@local.dev, sub=bypass-user, roles=[], path=/requests/viewAll, method=POST
[33mwarn[39m:    [DENY] bypass-user lacks marketplace-approver for POST /api/requests/viewAll
[33mwarn[39m:    [DENY] bypass-user lacks marketplace-approver for POST /api/requests/viewAll
[33mwarn[39m:    [AUTHZ_ERROR] [UnauthorizedUserError] user=bypass-user, required_role=marketplace-approver, message=Adjudicator role required
[32mhttp[39m:undefined[0mPOST /api/requests/viewAll [33m403[0m 24.519 ms - 111[0m
[33mwarn[39m:    [AUTHZ_ERROR] [UnauthorizedUserError] user=bypass-user, required_role=marketplace-approver, message=Adjudicator role required
[32mhttp[39m:undefined[0mPOST /api/requests/viewAll [33m403[0m 29.780 ms - 111[0m
[33mwarn[39m:    [DENY] bypass-user lacks marketplace-approver for POST /api/requests/viewAll
[33mwarn[39m:    [AUTHZ_ERROR] [UnauthorizedUserError] user=bypass-user, required_role=marketplace-approver, message=Adjudicator role required
[32mhttp[39m:undefined[0mPOST /api/requests/viewAll [33m403[0m 61.622 ms - 111[0m
[32mhttp[39m:undefined[0mPOST /api/requests/viewAll [32m200[0m 147.962 ms - 847[0m
[32mhttp[39m:undefined[0mPOST /api/requests/viewAll [32m200[0m 146.204 ms - 847[0m
[32mhttp[39m:undefined[0mPOST /api/requests/viewAll [32m200[0m 172.197 ms - 847[0m
[32minfo[39m:    [AUTH_BYPASS] Mock token detected, parsing payload
[33mwarn[39m:    [AUTH_BYPASS] Mock token authenticated: email=bypass@local.dev, sub=bypass-user, roles=[], path=/requests/viewAll, method=POST
[32minfo[39m:    [AUTH_BYPASS] Mock token detected, parsing payload
[33mwarn[39m:    [AUTH_BYPASS] Mock token authenticated: email=bypass@local.dev, sub=bypass-user, roles=[], path=/requests/viewAll, method=POST
[32minfo[39m:    [AUTH_BYPASS] Mock token detected, parsing payload
[33mwarn[39m:    [AUTH_BYPASS] Mock token authenticated: email=bypass@local.dev, sub=bypass-user, roles=[], path=/requests/viewAll, method=POST
[32minfo[39m:    [AUTH_BYPASS] Mock token detected, parsing payload
[33mwarn[39m:    [AUTH_BYPASS] Mock token authenticated: email=bypass@local.dev, sub=bypass-user, roles=[], path=/requests/viewAll, method=POST
[32minfo[39m:    [AUTH_BYPASS] Mock token detected, parsing payload
[33mwarn[39m:    [AUTH_BYPASS] Mock token authenticated: email=bypass@local.dev, sub=bypass-user, roles=[], path=/requests/viewAll, method=POST
[32minfo[39m:    [AUTH_BYPASS] Mock token detected, parsing payload
[33mwarn[39m:    [AUTH_BYPASS] Mock token authenticated: email=bypass@local.dev, sub=bypass-user, roles=[], path=/requests/viewAll, method=POST
[33mwarn[39m:    [DENY] bypass-user lacks marketplace-approver for POST /api/requests/viewAll
[33mwarn[39m:    [DENY] bypass-user lacks marketplace-approver for POST /api/requests/viewAll
[33mwarn[39m:    [DENY] bypass-user lacks marketplace-approver for POST /api/requests/viewAll
[33mwarn[39m:    [DENY] bypass-user lacks marketplace-approver for POST /api/requests/viewAll
[33mwarn[39m:    [AUTHZ_ERROR] [UnauthorizedUserError] user=bypass-user, required_role=marketplace-approver, message=Adjudicator role required
[32mhttp[39m:undefined[0mPOST /api/requests/viewAll [33m403[0m 8.273 ms - 111[0m
[33mwarn[39m:    [AUTHZ_ERROR] [UnauthorizedUserError] user=bypass-user, required_role=marketplace-approver, message=Adjudicator role required
[32mhttp[39m:undefined[0mPOST /api/requests/viewAll [33m403[0m 7.292 ms - 111[0m
[33mwarn[39m:    [AUTHZ_ERROR] [UnauthorizedUserError] user=bypass-user, required_role=marketplace-approver, message=Adjudicator role required
[32mhttp[39m:undefined[0mPOST /api/requests/viewAll [33m403[0m 7.838 ms - 111[0m
[33mwarn[39m:    [AUTHZ_ERROR] [UnauthorizedUserError] user=bypass-user, required_role=marketplace-approver, message=Adjudicator role required
[32mhttp[39m:undefined[0mPOST /api/requests/viewAll [33m403[0m 7.567 ms - 111[0m
[33mwarn[39m:    [DENY] bypass-user lacks marketplace-approver for POST /api/requests/viewAll
[33mwarn[39m:    [DENY] bypass-user lacks marketplace-approver for POST /api/requests/viewAll
[33mwarn[39m:    [AUTHZ_ERROR] [UnauthorizedUserError] user=bypass-user, required_role=marketplace-approver, message=Adjudicator role required
[32mhttp[39m:undefined[0mPOST /api/requests/viewAll [33m403[0m 9.081 ms - 111[0m
[33mwarn[39m:    [AUTHZ_ERROR] [UnauthorizedUserError] user=bypass-user, required_role=marketplace-approver, message=Adjudicator role required
[32mhttp[39m:undefined[0mPOST /api/requests/viewAll [33m403[0m 10.642 ms - 111[0m
[32minfo[39m:    [AUTH_BYPASS] Mock token detected, parsing payload
[33mwarn[39m:    [AUTH_BYPASS] Mock token authenticated: email=bypass@local.dev, sub=bypass-user, roles=[], path=/requests/viewAll, method=POST
[32minfo[39m:    [AUTH_BYPASS] Mock token detected, parsing payload
[33mwarn[39m:    [AUTH_BYPASS] Mock token authenticated: email=bypass@local.dev, sub=bypass-user, roles=[], path=/requests/viewAll, method=POST
[32minfo[39m:    [AUTH_BYPASS] Mock token detected, parsing payload
[33mwarn[39m:    [AUTH_BYPASS] Mock token authenticated: email=bypass@local.dev, sub=bypass-user, roles=[], path=/requests/viewAll, method=POST
[32minfo[39m:    [AUTH_BYPASS] Mock token detected, parsing payload
[33mwarn[39m:    [AUTH_BYPASS] Mock token authenticated: email=bypass@local.dev, sub=bypass-user, roles=[], path=/requests/viewAll, method=POST
[32minfo[39m:    [AUTH_BYPASS] Mock token detected, parsing payload
[33mwarn[39m:    [AUTH_BYPASS] Mock token authenticated: email=bypass@local.dev, sub=bypass-user, roles=[], path=/requests/viewAll, method=POST
[32minfo[39m:    [AUTH_BYPASS] Mock token detected, parsing payload
[33mwarn[39m:    [AUTH_BYPASS] Mock token authenticated: email=bypass@local.dev, sub=bypass-user, roles=[], path=/requests/viewAll, method=POST
[33mwarn[39m:    [DENY] bypass-user lacks marketplace-approver for POST /api/requests/viewAll
[33mwarn[39m:    [AUTHZ_ERROR] [UnauthorizedUserError] user=bypass-user, required_role=marketplace-approver, message=Adjudicator role required
[32mhttp[39m:undefined[0mPOST /api/requests/viewAll [33m403[0m 7.018 ms - 111[0m
[33mwarn[39m:    [DENY] bypass-user lacks marketplace-approver for POST /api/requests/viewAll
[33mwarn[39m:    [DENY] bypass-user lacks marketplace-approver for POST /api/requests/viewAll
[33mwarn[39m:    [DENY] bypass-user lacks marketplace-approver for POST /api/requests/viewAll
[33mwarn[39m:    [DENY] bypass-user lacks marketplace-approver for POST /api/requests/viewAll
[33mwarn[39m:    [DENY] bypass-user lacks marketplace-approver for POST /api/requests/viewAll
[33mwarn[39m:    [AUTHZ_ERROR] [UnauthorizedUserError] user=bypass-user, required_role=marketplace-approver, message=Adjudicator role required
[32mhttp[39m:undefined[0mPOST /api/requests/viewAll [33m403[0m 2.697 ms - 111[0m
[33mwarn[39m:    [AUTHZ_ERROR] [UnauthorizedUserError] user=bypass-user, required_role=marketplace-approver, message=Adjudicator role required
[32mhttp[39m:undefined[0mPOST /api/requests/viewAll [33m403[0m 5.174 ms - 111[0m
[33mwarn[39m:    [AUTHZ_ERROR] [UnauthorizedUserError] user=bypass-user, required_role=marketplace-approver, message=Adjudicator role required
[32mhttp[39m:undefined[0mPOST /api/requests/viewAll [33m403[0m 7.762 ms - 111[0m
[33mwarn[39m:    [AUTHZ_ERROR] [UnauthorizedUserError] user=bypass-user, required_role=marketplace-approver, message=Adjudicator role required
[32mhttp[39m:undefined[0mPOST /api/requests/viewAll [33m403[0m 5.294 ms - 111[0m
[33mwarn[39m:    [AUTHZ_ERROR] [UnauthorizedUserError] user=bypass-user, required_role=marketplace-approver, message=Adjudicator role required
[32mhttp[39m:undefined[0mPOST /api/requests/viewAll [33m403[0m 5.219 ms - 111[0m
[32minfo[39m:    [AUTH_BYPASS] Mock token detected, parsing payload
[33mwarn[39m:    [AUTH_BYPASS] Mock token authenticated: email=jennifer.a.cowley.civ@mail.mil, sub=approver-user-jennifer, roles=["marketplace-approver","marketplace:marketplace-approver"], path=/requests/viewAll, method=POST
[32minfo[39m:    [AUTH_BYPASS] Mock token detected, parsing payload
[33mwarn[39m:    [AUTH_BYPASS] Mock token authenticated: email=jennifer.a.cowley.civ@mail.mil, sub=approver-user-jennifer, roles=["marketplace-approver","marketplace:marketplace-approver"], path=/requests/viewAll, method=POST
[32minfo[39m:    [AUTH_BYPASS] Mock token detected, parsing payload
[33mwarn[39m:    [AUTH_BYPASS] Mock token authenticated: email=jennifer.a.cowley.civ@mail.mil, sub=approver-user-jennifer, roles=["marketplace-approver","marketplace:marketplace-approver"], path=/requests/viewAll, method=POST
[32minfo[39m:    [AUTH_BYPASS] Mock token detected, parsing payload
[33mwarn[39m:    [AUTH_BYPASS] Mock token authenticated: email=bypass@local.dev, sub=bypass-user, roles=[], path=/requests/viewAll, method=POST
[32minfo[39m:    [AUTH_BYPASS] Mock token detected, parsing payload
[33mwarn[39m:    [AUTH_BYPASS] Mock token authenticated: email=bypass@local.dev, sub=bypass-user, roles=[], path=/requests/viewAll, method=POST
[32minfo[39m:    [AUTH_BYPASS] Mock token detected, parsing payload
[33mwarn[39m:    [AUTH_BYPASS] Mock token authenticated: email=bypass@local.dev, sub=bypass-user, roles=[], path=/requests/viewAll, method=POST
[33mwarn[39m:    [DENY] bypass-user lacks marketplace-approver for POST /api/requests/viewAll
[33mwarn[39m:    [AUTHZ_ERROR] [UnauthorizedUserError] user=bypass-user, required_role=marketplace-approver, message=Adjudicator role required
[32mhttp[39m:undefined[0mPOST /api/requests/viewAll [33m403[0m 8.892 ms - 111[0m
[33mwarn[39m:    [DENY] bypass-user lacks marketplace-approver for POST /api/requests/viewAll
[33mwarn[39m:    [DENY] bypass-user lacks marketplace-approver for POST /api/requests/viewAll
[33mwarn[39m:    [AUTHZ_ERROR] [UnauthorizedUserError] user=bypass-user, required_role=marketplace-approver, message=Adjudicator role required
[32mhttp[39m:undefined[0mPOST /api/requests/viewAll [33m403[0m 10.076 ms - 111[0m
[33mwarn[39m:    [AUTHZ_ERROR] [UnauthorizedUserError] user=bypass-user, required_role=marketplace-approver, message=Adjudicator role required
[32mhttp[39m:undefined[0mPOST /api/requests/viewAll [33m403[0m 12.416 ms - 111[0m
[32mhttp[39m:undefined[0mPOST /api/requests/viewAll [32m200[0m 20.962 ms - 847[0m
[32mhttp[39m:undefined[0mPOST /api/requests/viewAll [32m200[0m 33.354 ms - 847[0m
[32mhttp[39m:undefined[0mPOST /api/requests/viewAll [32m200[0m 21.153 ms - 847[0m
[32minfo[39m:    [AUTH_BYPASS] Mock token detected, parsing payload
[33mwarn[39m:    [AUTH_BYPASS] Mock token authenticated: email=bypass@local.dev, sub=bypass-user, roles=[], path=/requests/viewAll, method=POST
[32minfo[39m:    [AUTH_BYPASS] Mock token detected, parsing payload
[33mwarn[39m:    [AUTH_BYPASS] Mock token authenticated: email=bypass@local.dev, sub=bypass-user, roles=[], path=/requests/viewAll, method=POST
[33mwarn[39m:    [DENY] bypass-user lacks marketplace-approver for POST /api/requests/viewAll
[33mwarn[39m:    [AUTHZ_ERROR] [UnauthorizedUserError] user=bypass-user, required_role=marketplace-approver, message=Adjudicator role required
[32mhttp[39m:undefined[0mPOST /api/requests/viewAll [33m403[0m 2.769 ms - 111[0m
[33mwarn[39m:    [DENY] bypass-user lacks marketplace-approver for POST /api/requests/viewAll
[33mwarn[39m:    [AUTHZ_ERROR] [UnauthorizedUserError] user=bypass-user, required_role=marketplace-approver, message=Adjudicator role required
[32mhttp[39m:undefined[0mPOST /api/requests/viewAll [33m403[0m 1.733 ms - 111[0m
[32minfo[39m:    [AUTH_BYPASS] Mock token detected, parsing payload
[33mwarn[39m:    [AUTH_BYPASS] Mock token authenticated: email=bypass@local.dev, sub=bypass-user, roles=[], path=/requests/viewAll, method=POST
[32minfo[39m:    [AUTH_BYPASS] Mock token detected, parsing payload
[33mwarn[39m:    [AUTH_BYPASS] Mock token authenticated: email=jennifer.a.cowley.civ@mail.mil, sub=approver-user-jennifer, roles=["marketplace-approver","marketplace:marketplace-approver"], path=/requests/viewAll, method=POST
[32minfo[39m:    [AUTH_BYPASS] Mock token detected, parsing payload
[33mwarn[39m:    [AUTH_BYPASS] Mock token authenticated: email=jennifer.a.cowley.civ@mail.mil, sub=approver-user-jennifer, roles=["marketplace-approver","marketplace:marketplace-approver"], path=/requests/viewAll, method=POST
[32minfo[39m:    [AUTH_BYPASS] Mock token detected, parsing payload
[33mwarn[39m:    [AUTH_BYPASS] Mock token authenticated: email=jennifer.a.cowley.civ@mail.mil, sub=approver-user-jennifer, roles=["marketplace-approver","marketplace:marketplace-approver"], path=/requests/viewAll, method=POST
[33mwarn[39m:    [DENY] bypass-user lacks marketplace-approver for POST /api/requests/viewAll
[33mwarn[39m:    [AUTHZ_ERROR] [UnauthorizedUserError] user=bypass-user, required_role=marketplace-approver, message=Adjudicator role required
[32mhttp[39m:undefined[0mPOST /api/requests/viewAll [33m403[0m 4.761 ms - 111[0m
[32mhttp[39m:undefined[0mPOST /api/requests/viewAll [32m200[0m 10.265 ms - 847[0m
[32mhttp[39m:undefined[0mPOST /api/requests/viewAll [32m200[0m 10.584 ms - 847[0m
[32mhttp[39m:undefined[0mPOST /api/requests/viewAll [32m200[0m 12.432 ms - 847[0m
[32minfo[39m:    [AUTH_BYPASS] Mock token detected, parsing payload
[33mwarn[39m:    [AUTH_BYPASS] Mock token authenticated: email=bypass@local.dev, sub=bypass-user, roles=[], path=/requests/viewAll, method=POST
[32minfo[39m:    [AUTH_BYPASS] Mock token detected, parsing payload
[33mwarn[39m:    [AUTH_BYPASS] Mock token authenticated: email=bypass@local.dev, sub=bypass-user, roles=[], path=/requests/viewAll, method=POST
[32minfo[39m:    [AUTH_BYPASS] Mock token detected, parsing payload
[33mwarn[39m:    [AUTH_BYPASS] Mock token authenticated: email=bypass@local.dev, sub=bypass-user, roles=[], path=/requests/viewAll, method=POST
[32minfo[39m:    [AUTH_BYPASS] Mock token detected, parsing payload
[33mwarn[39m:    [AUTH_BYPASS] Mock token authenticated: email=bypass@local.dev, sub=bypass-user, roles=[], path=/requests/viewAll, method=POST
[32minfo[39m:    [AUTH_BYPASS] Mock token detected, parsing payload
[33mwarn[39m:    [AUTH_BYPASS] Mock token authenticated: email=bypass@local.dev, sub=bypass-user, roles=[], path=/requests/viewAll, method=POST
[32minfo[39m:    [AUTH_BYPASS] Mock token detected, parsing payload
[33mwarn[39m:    [AUTH_BYPASS] Mock token authenticated: email=bypass@local.dev, sub=bypass-user, roles=[], path=/requests/viewAll, method=POST
[33mwarn[39m:    [DENY] bypass-user lacks marketplace-approver for POST /api/requests/viewAll
[33mwarn[39m:    [DENY] bypass-user lacks marketplace-approver for POST /api/requests/viewAll
[33mwarn[39m:    [DENY] bypass-user lacks marketplace-approver for POST /api/requests/viewAll
[33mwarn[39m:    [DENY] bypass-user lacks marketplace-approver for POST /api/requests/viewAll
[33mwarn[39m:    [DENY] bypass-user lacks marketplace-approver for POST /api/requests/viewAll
[33mwarn[39m:    [AUTHZ_ERROR] [UnauthorizedUserError] user=bypass-user, required_role=marketplace-approver, message=Adjudicator role required
[32mhttp[39m:undefined[0mPOST /api/requests/viewAll [33m403[0m 39.404 ms - 111[0m
[33mwarn[39m:    [AUTHZ_ERROR] [UnauthorizedUserError] user=bypass-user, required_role=marketplace-approver, message=Adjudicator role required
[32mhttp[39m:undefined[0mPOST /api/requests/viewAll [33m403[0m 28.458 ms - 111[0m
[33mwarn[39m:    [AUTHZ_ERROR] [UnauthorizedUserError] user=bypass-user, required_role=marketplace-approver, message=Adjudicator role required
[32mhttp[39m:undefined[0mPOST /api/requests/viewAll [33m403[0m 30.943 ms - 111[0m
[33mwarn[39m:    [AUTHZ_ERROR] [UnauthorizedUserError] user=bypass-user, required_role=marketplace-approver, message=Adjudicator role required
[32mhttp[39m:undefined[0mPOST /api/requests/viewAll [33m403[0m 25.438 ms - 111[0m
[33mwarn[39m:    [AUTHZ_ERROR] [UnauthorizedUserError] user=bypass-user, required_role=marketplace-approver, message=Adjudicator role required
[32mhttp[39m:undefined[0mPOST /api/requests/viewAll [33m403[0m 25.359 ms - 111[0m
[33mwarn[39m:    [DENY] bypass-user lacks marketplace-approver for POST /api/requests/viewAll
[33mwarn[39m:    [AUTHZ_ERROR] [UnauthorizedUserError] user=bypass-user, required_role=marketplace-approver, message=Adjudicator role required
[32mhttp[39m:undefined[0mPOST /api/requests/viewAll [33m403[0m 21.941 ms - 111[0m
[32minfo[39m:    [AUTH_BYPASS] Mock token detected, parsing payload
[33mwarn[39m:    [AUTH_BYPASS] Mock token authenticated: email=bypass@local.dev, sub=bypass-user, roles=[], path=/requests/viewAll, method=POST
[32minfo[39m:    [AUTH_BYPASS] Mock token detected, parsing payload
[33mwarn[39m:    [AUTH_BYPASS] Mock token authenticated: email=bypass@local.dev, sub=bypass-user, roles=[], path=/requests/viewAll, method=POST
[32minfo[39m:    [AUTH_BYPASS] Mock token detected, parsing payload
[33mwarn[39m:    [AUTH_BYPASS] Mock token authenticated: email=bypass@local.dev, sub=bypass-user, roles=[], path=/requests/viewAll, method=POST
[33mwarn[39m:    [DENY] bypass-user lacks marketplace-approver for POST /api/requests/viewAll
[32minfo[39m:    [AUTH_BYPASS] Mock token detected, parsing payload
[33mwarn[39m:    [AUTH_BYPASS] Mock token authenticated: email=bypass@local.dev, sub=bypass-user, roles=[], path=/requests/viewAll, method=POST
[32minfo[39m:    [AUTH_BYPASS] Mock token detected, parsing payload
[33mwarn[39m:    [AUTH_BYPASS] Mock token authenticated: email=bypass@local.dev, sub=bypass-user, roles=[], path=/requests/viewAll, method=POST
[33mwarn[39m:    [AUTHZ_ERROR] [UnauthorizedUserError] user=bypass-user, required_role=marketplace-approver, message=Adjudicator role required
[32mhttp[39m:undefined[0mPOST /api/requests/viewAll [33m403[0m 7.446 ms - 111[0m
[33mwarn[39m:    [DENY] bypass-user lacks marketplace-approver for POST /api/requests/viewAll
[32minfo[39m:    [AUTH_BYPASS] Mock token detected, parsing payload
[33mwarn[39m:    [AUTH_BYPASS] Mock token authenticated: email=bypass@local.dev, sub=bypass-user, roles=[], path=/requests/viewAll, method=POST
[33mwarn[39m:    [AUTHZ_ERROR] [UnauthorizedUserError] user=bypass-user, required_role=marketplace-approver, message=Adjudicator role required
[32mhttp[39m:undefined[0mPOST /api/requests/viewAll [33m403[0m 6.558 ms - 111[0m
[33mwarn[39m:    [DENY] bypass-user lacks marketplace-approver for POST /api/requests/viewAll
[33mwarn[39m:    [AUTHZ_ERROR] [UnauthorizedUserError] user=bypass-user, required_role=marketplace-approver, message=Adjudicator role required
[32mhttp[39m:undefined[0mPOST /api/requests/viewAll [33m403[0m 6.084 ms - 111[0m
[33mwarn[39m:    [DENY] bypass-user lacks marketplace-approver for POST /api/requests/viewAll
[33mwarn[39m:    [AUTHZ_ERROR] [UnauthorizedUserError] user=bypass-user, required_role=marketplace-approver, message=Adjudicator role required
[32mhttp[39m:undefined[0mPOST /api/requests/viewAll [33m403[0m 4.983 ms - 111[0m
[33mwarn[39m:    [DENY] bypass-user lacks marketplace-approver for POST /api/requests/viewAll
[33mwarn[39m:    [AUTHZ_ERROR] [UnauthorizedUserError] user=bypass-user, required_role=marketplace-approver, message=Adjudicator role required
[32mhttp[39m:undefined[0mPOST /api/requests/viewAll [33m403[0m 4.482 ms - 111[0m
[33mwarn[39m:    [DENY] bypass-user lacks marketplace-approver for POST /api/requests/viewAll
[33mwarn[39m:    [AUTHZ_ERROR] [UnauthorizedUserError] user=bypass-user, required_role=marketplace-approver, message=Adjudicator role required
[32mhttp[39m:undefined[0mPOST /api/requests/viewAll [33m403[0m 3.579 ms - 111[0m
[32minfo[39m:    [AUTH_BYPASS] Mock token detected, parsing payload
[33mwarn[39m:    [AUTH_BYPASS] Mock token authenticated: email=bypass@local.dev, sub=bypass-user, roles=[], path=/requests/viewForRequestor, method=POST
[32minfo[39m:    [AUTH_BYPASS] Mock token detected, parsing payload
[33mwarn[39m:    [AUTH_BYPASS] Mock token authenticated: email=bypass@local.dev, sub=bypass-user, roles=[], path=/requests/viewForRequestor, method=POST
[33mwarn[39m:    [DENY] bypass-user lacks marketplace-requestor for POST /api/requests/viewForRequestor
[33mwarn[39m:    [AUTHZ_ERROR] [UnauthorizedUserError] user=bypass-user, required_role=marketplace-requestor, message=Requestor role required
[32mhttp[39m:undefined[0mPOST /api/requests/viewForRequestor [33m403[0m 9.649 ms - 109[0m
[33mwarn[39m:    [DENY] bypass-user lacks marketplace-requestor for POST /api/requests/viewForRequestor
[33mwarn[39m:    [AUTHZ_ERROR] [UnauthorizedUserError] user=bypass-user, required_role=marketplace-requestor, message=Requestor role required
[32mhttp[39m:undefined[0mPOST /api/requests/viewForRequestor [33m403[0m 14.762 ms - 109[0m
[32minfo[39m:    [AUTH_BYPASS] Mock token detected, parsing payload
[33mwarn[39m:    [AUTH_BYPASS] Mock token authenticated: email=vinoth.jagannathan.civ@mail.mil, sub=requestor-user-vinoth, roles=["marketplace-requestor","marketplace:marketplace-requestor"], path=/requests, method=POST
[32mhttp[39m:undefined[0mPOST /api/requests [32m200[0m 36.198 ms - 39[0m
[32minfo[39m:    [AUTH_BYPASS] Mock token detected, parsing payload
[33mwarn[39m:    [AUTH_BYPASS] Mock token authenticated: email=vinoth.jagannathan.civ@mail.mil, sub=requestor-user-vinoth, roles=["marketplace-requestor","marketplace:marketplace-requestor"], path=/requests/viewForRequestor, method=POST
[32mhttp[39m:undefined[0mPOST /api/requests/viewForRequestor [32m200[0m 7.784 ms - 862[0m
[32minfo[39m:    [AUTH_BYPASS] Mock token detected, parsing payload
[33mwarn[39m:    [AUTH_BYPASS] Mock token authenticated: email=vinoth.jagannathan.civ@mail.mil, sub=requestor-user-vinoth, roles=["marketplace-requestor","marketplace:marketplace-requestor"], path=/requests/viewForRequestor, method=POST
[32minfo[39m:    [AUTH_BYPASS] Mock token detected, parsing payload
[33mwarn[39m:    [AUTH_BYPASS] Mock token authenticated: email=vinoth.jagannathan.civ@mail.mil, sub=requestor-user-vinoth, roles=["marketplace-requestor","marketplace:marketplace-requestor"], path=/requests/viewForRequestor, method=POST
[32minfo[39m:    [AUTH_BYPASS] Mock token detected, parsing payload
[33mwarn[39m:    [AUTH_BYPASS] Mock token authenticated: email=vinoth.jagannathan.civ@mail.mil, sub=requestor-user-vinoth, roles=["marketplace-requestor","marketplace:marketplace-requestor"], path=/requests/viewForRequestor, method=POST
[32minfo[39m:    [AUTH_BYPASS] Mock token detected, parsing payload
[33mwarn[39m:    [AUTH_BYPASS] Mock token authenticated: email=vinoth.jagannathan.civ@mail.mil, sub=requestor-user-vinoth, roles=["marketplace-requestor","marketplace:marketplace-requestor"], path=/requests/viewForRequestor, method=POST
[32mhttp[39m:undefined[0mPOST /api/requests/viewForRequestor [32m200[0m 22.135 ms - 862[0m
[32mhttp[39m:undefined[0mPOST /api/requests/viewForRequestor [32m200[0m 24.175 ms - 862[0m
[32mhttp[39m:undefined[0mPOST /api/requests/viewForRequestor [32m200[0m 21.695 ms - 862[0m
[32mhttp[39m:undefined[0mPOST /api/requests/viewForRequestor [32m200[0m 24.479 ms - 862[0m
[32minfo[39m:    [AUTH_BYPASS] Mock token detected, parsing payload
[33mwarn[39m:    [AUTH_BYPASS] Mock token authenticated: email=vinoth.jagannathan.civ@mail.mil, sub=requestor-user-vinoth, roles=["marketplace-requestor","marketplace:marketplace-requestor"], path=/requests/viewForRequestNumber, method=POST
[32minfo[39m:    [AUTH_BYPASS] Mock token detected, parsing payload
[33mwarn[39m:    [AUTH_BYPASS] Mock token authenticated: email=vinoth.jagannathan.civ@mail.mil, sub=requestor-user-vinoth, roles=["marketplace-requestor","marketplace:marketplace-requestor"], path=/requests/viewForRequestNumber, method=POST
[32mhttp[39m:undefined[0mPOST /api/requests/viewForRequestNumber [32m200[0m 6.552 ms - 443[0m
[32mhttp[39m:undefined[0mPOST /api/requests/viewForRequestNumber [32m200[0m 13.630 ms - 443[0m
[32minfo[39m:    [AUTH_BYPASS] Mock token detected, parsing payload
[33mwarn[39m:    [AUTH_BYPASS] Mock token authenticated: email=vinoth.jagannathan.civ@mail.mil, sub=requestor-user-vinoth, roles=["marketplace-requestor","marketplace:marketplace-requestor"], path=/requests/viewForRequestor, method=POST
[32minfo[39m:    [AUTH_BYPASS] Mock token detected, parsing payload
[33mwarn[39m:    [AUTH_BYPASS] Mock token authenticated: email=vinoth.jagannathan.civ@mail.mil, sub=requestor-user-vinoth, roles=["marketplace-requestor","marketplace:marketplace-requestor"], path=/requests/viewForRequestor, method=POST
[32minfo[39m:    [AUTH_BYPASS] Mock token detected, parsing payload
[33mwarn[39m:    [AUTH_BYPASS] Mock token authenticated: email=vinoth.jagannathan.civ@mail.mil, sub=requestor-user-vinoth, roles=["marketplace-requestor","marketplace:marketplace-requestor"], path=/requests/viewForRequestor, method=POST
[32minfo[39m:    [AUTH_BYPASS] Mock token detected, parsing payload
[33mwarn[39m:    [AUTH_BYPASS] Mock token authenticated: email=vinoth.jagannathan.civ@mail.mil, sub=requestor-user-vinoth, roles=["marketplace-requestor","marketplace:marketplace-requestor"], path=/requests/viewForRequestor, method=POST
[32mhttp[39m:undefined[0mPOST /api/requests/viewForRequestor [32m200[0m 10.574 ms - 862[0m
[32mhttp[39m:undefined[0mPOST /api/requests/viewForRequestor [32m200[0m 10.156 ms - 862[0m
[32mhttp[39m:undefined[0mPOST /api/requests/viewForRequestor [32m200[0m 8.287 ms - 862[0m
[32mhttp[39m:undefined[0mPOST /api/requests/viewForRequestor [32m200[0m 8.198 ms - 862[0m
[32minfo[39m:    [AUTH_BYPASS] Mock token detected, parsing payload
[33mwarn[39m:    [AUTH_BYPASS] Mock token authenticated: email=bypass@local.dev, sub=bypass-user, roles=[], path=/requests/viewAll, method=POST
[32minfo[39m:    [AUTH_BYPASS] Mock token detected, parsing payload
[33mwarn[39m:    [AUTH_BYPASS] Mock token authenticated: email=bypass@local.dev, sub=bypass-user, roles=[], path=/requests/viewAll, method=POST
[33mwarn[39m:    [DENY] bypass-user lacks marketplace-approver for POST /api/requests/viewAll
[33mwarn[39m:    [AUTHZ_ERROR] [UnauthorizedUserError] user=bypass-user, required_role=marketplace-approver, message=Adjudicator role required
[32mhttp[39m:undefined[0mPOST /api/requests/viewAll [33m403[0m 9.447 ms - 111[0m
[33mwarn[39m:    [DENY] bypass-user lacks marketplace-approver for POST /api/requests/viewAll
[33mwarn[39m:    [AUTHZ_ERROR] [UnauthorizedUserError] user=bypass-user, required_role=marketplace-approver, message=Adjudicator role required
[32mhttp[39m:undefined[0mPOST /api/requests/viewAll [33m403[0m 12.168 ms - 111[0m
[32minfo[39m:    [AUTH_BYPASS] Mock token detected, parsing payload
[33mwarn[39m:    [AUTH_BYPASS] Mock token authenticated: email=bypass@local.dev, sub=bypass-user, roles=[], path=/requests/viewAll, method=POST
[32minfo[39m:    [AUTH_BYPASS] Mock token detected, parsing payload
[33mwarn[39m:    [AUTH_BYPASS] Mock token authenticated: email=bypass@local.dev, sub=bypass-user, roles=[], path=/requests/viewAll, method=POST
[33mwarn[39m:    [DENY] bypass-user lacks marketplace-approver for POST /api/requests/viewAll
[33mwarn[39m:    [DENY] bypass-user lacks marketplace-approver for POST /api/requests/viewAll
[32minfo[39m:    [AUTH_BYPASS] Mock token detected, parsing payload
[33mwarn[39m:    [AUTH_BYPASS] Mock token authenticated: email=bypass@local.dev, sub=bypass-user, roles=[], path=/requests/viewAll, method=POST
[33mwarn[39m:    [AUTHZ_ERROR] [UnauthorizedUserError] user=bypass-user, required_role=marketplace-approver, message=Adjudicator role required
[32mhttp[39m:undefined[0mPOST /api/requests/viewAll [33m403[0m 6.371 ms - 111[0m
[33mwarn[39m:    [AUTHZ_ERROR] [UnauthorizedUserError] user=bypass-user, required_role=marketplace-approver, message=Adjudicator role required
[32mhttp[39m:undefined[0mPOST /api/requests/viewAll [33m403[0m 2.504 ms - 111[0m
[33mwarn[39m:    [DENY] bypass-user lacks marketplace-approver for POST /api/requests/viewAll
[32minfo[39m:    [AUTH_BYPASS] Mock token detected, parsing payload
[33mwarn[39m:    [AUTH_BYPASS] Mock token authenticated: email=bypass@local.dev, sub=bypass-user, roles=[], path=/requests/viewAll, method=POST
[33mwarn[39m:    [AUTHZ_ERROR] [UnauthorizedUserError] user=bypass-user, required_role=marketplace-approver, message=Adjudicator role required
[32mhttp[39m:undefined[0mPOST /api/requests/viewAll [33m403[0m 2.098 ms - 111[0m
[33mwarn[39m:    [DENY] bypass-user lacks marketplace-approver for POST /api/requests/viewAll
[32minfo[39m:    [AUTH_BYPASS] Mock token detected, parsing payload
[33mwarn[39m:    [AUTH_BYPASS] Mock token authenticated: email=bypass@local.dev, sub=bypass-user, roles=[], path=/requests/viewAll, method=POST
[33mwarn[39m:    [AUTHZ_ERROR] [UnauthorizedUserError] user=bypass-user, required_role=marketplace-approver, message=Adjudicator role required
[32mhttp[39m:undefined[0mPOST /api/requests/viewAll [33m403[0m 1.359 ms - 111[0m
[32minfo[39m:    [AUTH_BYPASS] Mock token detected, parsing payload
[33mwarn[39m:    [AUTH_BYPASS] Mock token authenticated: email=bypass@local.dev, sub=bypass-user, roles=[], path=/requests/viewAll, method=POST
[33mwarn[39m:    [DENY] bypass-user lacks marketplace-approver for POST /api/requests/viewAll
[33mwarn[39m:    [AUTHZ_ERROR] [UnauthorizedUserError] user=bypass-user, required_role=marketplace-approver, message=Adjudicator role required
[32mhttp[39m:undefined[0mPOST /api/requests/viewAll [33m403[0m 3.017 ms - 111[0m
[33mwarn[39m:    [DENY] bypass-user lacks marketplace-approver for POST /api/requests/viewAll
[33mwarn[39m:    [AUTHZ_ERROR] [UnauthorizedUserError] user=bypass-user, required_role=marketplace-approver, message=Adjudicator role required
[32mhttp[39m:undefined[0mPOST /api/requests/viewAll [33m403[0m 2.760 ms - 111[0m
[32minfo[39m:    [AUTH_BYPASS] Mock token detected, parsing payload
[33mwarn[39m:    [AUTH_BYPASS] Mock token authenticated: email=bypass@local.dev, sub=bypass-user, roles=[], path=/requests/viewForRequestor, method=POST
[33mwarn[39m:    [DENY] bypass-user lacks marketplace-requestor for POST /api/requests/viewForRequestor
[33mwarn[39m:    [AUTHZ_ERROR] [UnauthorizedUserError] user=bypass-user, required_role=marketplace-requestor, message=Requestor role required
[32mhttp[39m:undefined[0mPOST /api/requests/viewForRequestor [33m403[0m 10.716 ms - 109[0m
[32minfo[39m:    [AUTH_BYPASS] Mock token detected, parsing payload
[33mwarn[39m:    [AUTH_BYPASS] Mock token authenticated: email=bypass@local.dev, sub=bypass-user, roles=[], path=/requests/viewForRequestor, method=POST
[32minfo[39m:    [AUTH_BYPASS] Mock token detected, parsing payload
[33mwarn[39m:    [AUTH_BYPASS] Mock token authenticated: email=bypass@local.dev, sub=bypass-user, roles=[], path=/requests/viewForRequestor, method=POST
[33mwarn[39m:    [DENY] bypass-user lacks marketplace-requestor for POST /api/requests/viewForRequestor
[33mwarn[39m:    [AUTHZ_ERROR] [UnauthorizedUserError] user=bypass-user, required_role=marketplace-requestor, message=Requestor role required
[32mhttp[39m:undefined[0mPOST /api/requests/viewForRequestor [33m403[0m 4.790 ms - 109[0m
[33mwarn[39m:    [DENY] bypass-user lacks marketplace-requestor for POST /api/requests/viewForRequestor
[33mwarn[39m:    [AUTHZ_ERROR] [UnauthorizedUserError] user=bypass-user, required_role=marketplace-requestor, message=Requestor role required
[32mhttp[39m:undefined[0mPOST /api/requests/viewForRequestor [33m403[0m 3.790 ms - 109[0m
[32minfo[39m:    [AUTH_BYPASS] Mock token detected, parsing payload
[33mwarn[39m:    [AUTH_BYPASS] Mock token authenticated: email=bypass@local.dev, sub=bypass-user, roles=[], path=/requests/viewForRequestor, method=POST
[33mwarn[39m:    [DENY] bypass-user lacks marketplace-requestor for POST /api/requests/viewForRequestor
[33mwarn[39m:    [AUTHZ_ERROR] [UnauthorizedUserError] user=bypass-user, required_role=marketplace-requestor, message=Requestor role required
[32mhttp[39m:undefined[0mPOST /api/requests/viewForRequestor [33m403[0m 4.896 ms - 109[0m
[32minfo[39m:    [AUTH_BYPASS] Mock token detected, parsing payload
[33mwarn[39m:    [AUTH_BYPASS] Mock token authenticated: email=bypass@local.dev, sub=bypass-user, roles=[], path=/requests/viewForRequestor, method=POST
[32minfo[39m:    [AUTH_BYPASS] Mock token detected, parsing payload
[33mwarn[39m:    [AUTH_BYPASS] Mock token authenticated: email=bypass@local.dev, sub=bypass-user, roles=[], path=/requests/viewForRequestor, method=POST
[33mwarn[39m:    [DENY] bypass-user lacks marketplace-requestor for POST /api/requests/viewForRequestor
[33mwarn[39m:    [AUTHZ_ERROR] [UnauthorizedUserError] user=bypass-user, required_role=marketplace-requestor, message=Requestor role required
[32mhttp[39m:undefined[0mPOST /api/requests/viewForRequestor [33m403[0m 3.007 ms - 109[0m
[33mwarn[39m:    [DENY] bypass-user lacks marketplace-requestor for POST /api/requests/viewForRequestor
[33mwarn[39m:    [AUTHZ_ERROR] [UnauthorizedUserError] user=bypass-user, required_role=marketplace-requestor, message=Requestor role required
[32mhttp[39m:undefined[0mPOST /api/requests/viewForRequestor [33m403[0m 3.226 ms - 109[0m
[32minfo[39m:    [AUTH_BYPASS] Mock token detected, parsing payload
[33mwarn[39m:    [AUTH_BYPASS] Mock token authenticated: email=bypass@local.dev, sub=bypass-user, roles=[], path=/requests/viewForRequestor, method=POST
[33mwarn[39m:    [DENY] bypass-user lacks marketplace-requestor for POST /api/requests/viewForRequestor
[33mwarn[39m:    [AUTHZ_ERROR] [UnauthorizedUserError] user=bypass-user, required_role=marketplace-requestor, message=Requestor role required
[32mhttp[39m:undefined[0mPOST /api/requests/viewForRequestor [33m403[0m 5.031 ms - 109[0m
[32minfo[39m:    [AUTH_BYPASS] Mock token detected, parsing payload
[33mwarn[39m:    [AUTH_BYPASS] Mock token authenticated: email=bypass@local.dev, sub=bypass-user, roles=[], path=/requests/viewForRequestor, method=POST
[32minfo[39m:    [AUTH_BYPASS] Mock token detected, parsing payload
[33mwarn[39m:    [AUTH_BYPASS] Mock token authenticated: email=bypass@local.dev, sub=bypass-user, roles=[], path=/requests/viewForRequestor, method=POST
[33mwarn[39m:    [DENY] bypass-user lacks marketplace-requestor for POST /api/requests/viewForRequestor
[33mwarn[39m:    [AUTHZ_ERROR] [UnauthorizedUserError] user=bypass-user, required_role=marketplace-requestor, message=Requestor role required
[32mhttp[39m:undefined[0mPOST /api/requests/viewForRequestor [33m403[0m 3.825 ms - 109[0m
[33mwarn[39m:    [DENY] bypass-user lacks marketplace-requestor for POST /api/requests/viewForRequestor
[33mwarn[39m:    [AUTHZ_ERROR] [UnauthorizedUserError] user=bypass-user, required_role=marketplace-requestor, message=Requestor role required
[32mhttp[39m:undefined[0mPOST /api/requests/viewForRequestor [33m403[0m 3.320 ms - 109[0m
[32minfo[39m:    [AUTH_BYPASS] Mock token detected, parsing payload
[33mwarn[39m:    [AUTH_BYPASS] Mock token authenticated: email=bypass@local.dev, sub=bypass-user, roles=[], path=/requests/viewForRequestor, method=POST
[32minfo[39m:    [AUTH_BYPASS] Mock token detected, parsing payload
[33mwarn[39m:    [AUTH_BYPASS] Mock token authenticated: email=bypass@local.dev, sub=bypass-user, roles=[], path=/requests/viewForRequestor, method=POST
[33mwarn[39m:    [DENY] bypass-user lacks marketplace-requestor for POST /api/requests/viewForRequestor
[33mwarn[39m:    [AUTHZ_ERROR] [UnauthorizedUserError] user=bypass-user, required_role=marketplace-requestor, message=Requestor role required
[32mhttp[39m:undefined[0mPOST /api/requests/viewForRequestor [33m403[0m 2.559 ms - 109[0m
[33mwarn[39m:    [DENY] bypass-user lacks marketplace-requestor for POST /api/requests/viewForRequestor
[33mwarn[39m:    [AUTHZ_ERROR] [UnauthorizedUserError] user=bypass-user, required_role=marketplace-requestor, message=Requestor role required
[32mhttp[39m:undefined[0mPOST /api/requests/viewForRequestor [33m403[0m 1.569 ms - 109[0m
[32minfo[39m:    [AUTH_BYPASS] Mock token detected, parsing payload
[33mwarn[39m:    [AUTH_BYPASS] Mock token authenticated: email=daniel.e.allen.civ@mail.mil, sub=requestor-user-daniel, roles=["marketplace-requestor","marketplace:marketplace-requestor"], path=/requests/viewForRequestor, method=POST
[32minfo[39m:    [AUTH_BYPASS] Mock token detected, parsing payload
[33mwarn[39m:    [AUTH_BYPASS] Mock token authenticated: email=daniel.e.allen.civ@mail.mil, sub=requestor-user-daniel, roles=["marketplace-requestor","marketplace:marketplace-requestor"], path=/requests/viewForRequestor, method=POST
[32minfo[39m:    [AUTH_BYPASS] Mock token detected, parsing payload
[33mwarn[39m:    [AUTH_BYPASS] Mock token authenticated: email=daniel.e.allen.civ@mail.mil, sub=requestor-user-daniel, roles=["marketplace-requestor","marketplace:marketplace-requestor"], path=/requests/viewForRequestor, method=POST
[32minfo[39m:    [AUTH_BYPASS] Mock token detected, parsing payload
[33mwarn[39m:    [AUTH_BYPASS] Mock token authenticated: email=daniel.e.allen.civ@mail.mil, sub=requestor-user-daniel, roles=["marketplace-requestor","marketplace:marketplace-requestor"], path=/requests/viewForRequestor, method=POST
[32mhttp[39m:undefined[0mPOST /api/requests/viewForRequestor [32m200[0m 35.798 ms - 443[0m
[32mhttp[39m:undefined[0mPOST /api/requests/viewForRequestor [32m200[0m 34.184 ms - 443[0m
[32mhttp[39m:undefined[0mPOST /api/requests/viewForRequestor [32m200[0m 36.281 ms - 443[0m
[32mhttp[39m:undefined[0mPOST /api/requests/viewForRequestor [32m200[0m 15.252 ms - 443[0m
[32minfo[39m:    [AUTH_BYPASS] Mock token detected, parsing payload
[33mwarn[39m:    [AUTH_BYPASS] Mock token authenticated: email=bypass@local.dev, sub=bypass-user, roles=[], path=/requests/viewForRequestor, method=POST
[32minfo[39m:    [AUTH_BYPASS] Mock token detected, parsing payload
[33mwarn[39m:    [AUTH_BYPASS] Mock token authenticated: email=bypass@local.dev, sub=bypass-user, roles=[], path=/requests/viewForRequestor, method=POST
[33mwarn[39m:    [DENY] bypass-user lacks marketplace-requestor for POST /api/requests/viewForRequestor
[33mwarn[39m:    [AUTHZ_ERROR] [UnauthorizedUserError] user=bypass-user, required_role=marketplace-requestor, message=Requestor role required
[32mhttp[39m:undefined[0mPOST /api/requests/viewForRequestor [33m403[0m 4.802 ms - 109[0m
[33mwarn[39m:    [DENY] bypass-user lacks marketplace-requestor for POST /api/requests/viewForRequestor
[33mwarn[39m:    [AUTHZ_ERROR] [UnauthorizedUserError] user=bypass-user, required_role=marketplace-requestor, message=Requestor role required
[32mhttp[39m:undefined[0mPOST /api/requests/viewForRequestor [33m403[0m 3.203 ms - 109[0m
[32minfo[39m:    [AUTH_BYPASS] Mock token detected, parsing payload
[33mwarn[39m:    [AUTH_BYPASS] Mock token authenticated: email=bypass@local.dev, sub=bypass-user, roles=[], path=/requests/viewForRequestor, method=POST
[32minfo[39m:    [AUTH_BYPASS] Mock token detected, parsing payload
[33mwarn[39m:    [AUTH_BYPASS] Mock token authenticated: email=bypass@local.dev, sub=bypass-user, roles=[], path=/requests/viewForRequestor, method=POST
[33mwarn[39m:    [DENY] bypass-user lacks marketplace-requestor for POST /api/requests/viewForRequestor
[33mwarn[39m:    [AUTHZ_ERROR] [UnauthorizedUserError] user=bypass-user, required_role=marketplace-requestor, message=Requestor role required
[32mhttp[39m:undefined[0mPOST /api/requests/viewForRequestor [33m403[0m 25.255 ms - 109[0m
[33mwarn[39m:    [DENY] bypass-user lacks marketplace-requestor for POST /api/requests/viewForRequestor
[33mwarn[39m:    [AUTHZ_ERROR] [UnauthorizedUserError] user=bypass-user, required_role=marketplace-requestor, message=Requestor role required
[32mhttp[39m:undefined[0mPOST /api/requests/viewForRequestor [33m403[0m 28.333 ms - 109[0m
[32minfo[39m:    [AUTH_BYPASS] Mock token detected, parsing payload
[33mwarn[39m:    [AUTH_BYPASS] Mock token authenticated: email=vinoth.jagannathan.civ@mail.mil, sub=requestor-user-vinoth, roles=["marketplace-requestor","marketplace:marketplace-requestor"], path=/requests/viewForRequestor, method=POST
[32minfo[39m:    [AUTH_BYPASS] Mock token detected, parsing payload
[33mwarn[39m:    [AUTH_BYPASS] Mock token authenticated: email=vinoth.jagannathan.civ@mail.mil, sub=requestor-user-vinoth, roles=["marketplace-requestor","marketplace:marketplace-requestor"], path=/requests/viewForRequestor, method=POST
[32minfo[39m:    [AUTH_BYPASS] Mock token detected, parsing payload
[33mwarn[39m:    [AUTH_BYPASS] Mock token authenticated: email=vinoth.jagannathan.civ@mail.mil, sub=requestor-user-vinoth, roles=["marketplace-requestor","marketplace:marketplace-requestor"], path=/requests/viewForRequestor, method=POST
[32minfo[39m:    [AUTH_BYPASS] Mock token detected, parsing payload
[33mwarn[39m:    [AUTH_BYPASS] Mock token authenticated: email=vinoth.jagannathan.civ@mail.mil, sub=requestor-user-vinoth, roles=["marketplace-requestor","marketplace:marketplace-requestor"], path=/requests/viewForRequestor, method=POST
[32mhttp[39m:undefined[0mPOST /api/requests/viewForRequestor [32m200[0m 12.609 ms - 862[0m
[32mhttp[39m:undefined[0mPOST /api/requests/viewForRequestor [32m200[0m 11.987 ms - 862[0m
[32mhttp[39m:undefined[0mPOST /api/requests/viewForRequestor [32m200[0m 17.200 ms - 862[0m
[32mhttp[39m:undefined[0mPOST /api/requests/viewForRequestor [32m200[0m 17.205 ms - 862[0m
[32minfo[39m:    [AUTH_BYPASS] Mock token detected, parsing payload
[33mwarn[39m:    [AUTH_BYPASS] Mock token authenticated: email=bypass@local.dev, sub=bypass-user, roles=[], path=/requests/viewAll, method=POST
[32minfo[39m:    [AUTH_BYPASS] Mock token detected, parsing payload
[33mwarn[39m:    [AUTH_BYPASS] Mock token authenticated: email=bypass@local.dev, sub=bypass-user, roles=[], path=/requests/viewAll, method=POST
[33mwarn[39m:    [DENY] bypass-user lacks marketplace-approver for POST /api/requests/viewAll
[33mwarn[39m:    [AUTHZ_ERROR] [UnauthorizedUserError] user=bypass-user, required_role=marketplace-approver, message=Adjudicator role required
[32mhttp[39m:undefined[0mPOST /api/requests/viewAll [33m403[0m 53.965 ms - 111[0m
[33mwarn[39m:    [DENY] bypass-user lacks marketplace-approver for POST /api/requests/viewAll
[33mwarn[39m:    [AUTHZ_ERROR] [UnauthorizedUserError] user=bypass-user, required_role=marketplace-approver, message=Adjudicator role required
[32mhttp[39m:undefined[0mPOST /api/requests/viewAll [33m403[0m 59.399 ms - 111[0m
[32minfo[39m:    [AUTH_BYPASS] Mock token detected, parsing payload
[33mwarn[39m:    [AUTH_BYPASS] Mock token authenticated: email=bypass@local.dev, sub=bypass-user, roles=[], path=/requests/viewAll, method=POST
[32minfo[39m:    [AUTH_BYPASS] Mock token detected, parsing payload
[33mwarn[39m:    [AUTH_BYPASS] Mock token authenticated: email=bypass@local.dev, sub=bypass-user, roles=[], path=/requests/viewAll, method=POST
[33mwarn[39m:    [DENY] bypass-user lacks marketplace-approver for POST /api/requests/viewAll
[32minfo[39m:    [AUTH_BYPASS] Mock token detected, parsing payload
[33mwarn[39m:    [AUTH_BYPASS] Mock token authenticated: email=bypass@local.dev, sub=bypass-user, roles=[], path=/requests/viewAll, method=POST
[33mwarn[39m:    [AUTHZ_ERROR] [UnauthorizedUserError] user=bypass-user, required_role=marketplace-approver, message=Adjudicator role required
[32mhttp[39m:undefined[0mPOST /api/requests/viewAll [33m403[0m 4.206 ms - 111[0m
[33mwarn[39m:    [DENY] bypass-user lacks marketplace-approver for POST /api/requests/viewAll
[33mwarn[39m:    [DENY] bypass-user lacks marketplace-approver for POST /api/requests/viewAll
[32minfo[39m:    [AUTH_BYPASS] Mock token detected, parsing payload
[33mwarn[39m:    [AUTH_BYPASS] Mock token authenticated: email=bypass@local.dev, sub=bypass-user, roles=[], path=/requests/viewAll, method=POST
[33mwarn[39m:    [AUTHZ_ERROR] [UnauthorizedUserError] user=bypass-user, required_role=marketplace-approver, message=Adjudicator role required
[32mhttp[39m:undefined[0mPOST /api/requests/viewAll [33m403[0m 3.307 ms - 111[0m
[33mwarn[39m:    [AUTHZ_ERROR] [UnauthorizedUserError] user=bypass-user, required_role=marketplace-approver, message=Adjudicator role required
[32mhttp[39m:undefined[0mPOST /api/requests/viewAll [33m403[0m 5.548 ms - 111[0m
[33mwarn[39m:    [DENY] bypass-user lacks marketplace-approver for POST /api/requests/viewAll
[32minfo[39m:    [AUTH_BYPASS] Mock token detected, parsing payload
[33mwarn[39m:    [AUTH_BYPASS] Mock token authenticated: email=bypass@local.dev, sub=bypass-user, roles=[], path=/requests/viewAll, method=POST
[33mwarn[39m:    [AUTHZ_ERROR] [UnauthorizedUserError] user=bypass-user, required_role=marketplace-approver, message=Adjudicator role required
[32mhttp[39m:undefined[0mPOST /api/requests/viewAll [33m403[0m 3.775 ms - 111[0m
[33mwarn[39m:    [DENY] bypass-user lacks marketplace-approver for POST /api/requests/viewAll
[32minfo[39m:    [AUTH_BYPASS] Mock token detected, parsing payload
[33mwarn[39m:    [AUTH_BYPASS] Mock token authenticated: email=bypass@local.dev, sub=bypass-user, roles=[], path=/requests/viewAll, method=POST
[33mwarn[39m:    [AUTHZ_ERROR] [UnauthorizedUserError] user=bypass-user, required_role=marketplace-approver, message=Adjudicator role required
[32mhttp[39m:undefined[0mPOST /api/requests/viewAll [33m403[0m 2.260 ms - 111[0m
[33mwarn[39m:    [DENY] bypass-user lacks marketplace-approver for POST /api/requests/viewAll
[33mwarn[39m:    [AUTHZ_ERROR] [UnauthorizedUserError] user=bypass-user, required_role=marketplace-approver, message=Adjudicator role required
[32mhttp[39m:undefined[0mPOST /api/requests/viewAll [33m403[0m 0.878 ms - 111[0m
[32minfo[39m:    [AUTH_BYPASS] Mock token detected, parsing payload
[33mwarn[39m:    [AUTH_BYPASS] Mock token authenticated: email=joanna.c.ramsey.civ@mail.mil, sub=approver-user-joanna, roles=["marketplace-approver","marketplace:marketplace-approver"], path=/requests/viewAll, method=POST
[32minfo[39m:    [AUTH_BYPASS] Mock token detected, parsing payload
[33mwarn[39m:    [AUTH_BYPASS] Mock token authenticated: email=joanna.c.ramsey.civ@mail.mil, sub=approver-user-joanna, roles=["marketplace-approver","marketplace:marketplace-approver"], path=/requests/viewAll, method=POST
[32minfo[39m:    [AUTH_BYPASS] Mock token detected, parsing payload
[33mwarn[39m:    [AUTH_BYPASS] Mock token authenticated: email=joanna.c.ramsey.civ@mail.mil, sub=approver-user-joanna, roles=["marketplace-approver","marketplace:marketplace-approver"], path=/requests/viewAll, method=POST
[32minfo[39m:    [AUTH_BYPASS] Mock token detected, parsing payload
[33mwarn[39m:    [AUTH_BYPASS] Mock token authenticated: email=bypass@local.dev, sub=bypass-user, roles=[], path=/requests/viewAll, method=POST
[32minfo[39m:    [AUTH_BYPASS] Mock token detected, parsing payload
[33mwarn[39m:    [AUTH_BYPASS] Mock token authenticated: email=bypass@local.dev, sub=bypass-user, roles=[], path=/requests/viewAll, method=POST
[32minfo[39m:    [AUTH_BYPASS] Mock token detected, parsing payload
[33mwarn[39m:    [AUTH_BYPASS] Mock token authenticated: email=bypass@local.dev, sub=bypass-user, roles=[], path=/requests/viewAll, method=POST
[33mwarn[39m:    [DENY] bypass-user lacks marketplace-approver for POST /api/requests/viewAll
[33mwarn[39m:    [DENY] bypass-user lacks marketplace-approver for POST /api/requests/viewAll
[33mwarn[39m:    [DENY] bypass-user lacks marketplace-approver for POST /api/requests/viewAll
[33mwarn[39m:    [AUTHZ_ERROR] [UnauthorizedUserError] user=bypass-user, required_role=marketplace-approver, message=Adjudicator role required
[32mhttp[39m:undefined[0mPOST /api/requests/viewAll [33m403[0m 129.388 ms - 111[0m
[33mwarn[39m:    [AUTHZ_ERROR] [UnauthorizedUserError] user=bypass-user, required_role=marketplace-approver, message=Adjudicator role required
[32mhttp[39m:undefined[0mPOST /api/requests/viewAll [33m403[0m 131.723 ms - 111[0m
[33mwarn[39m:    [AUTHZ_ERROR] [UnauthorizedUserError] user=bypass-user, required_role=marketplace-approver, message=Adjudicator role required
[32mhttp[39m:undefined[0mPOST /api/requests/viewAll [33m403[0m 134.027 ms - 111[0m
[32mhttp[39m:undefined[0mPOST /api/requests/viewAll [32m200[0m 194.041 ms - 1291[0m
[32mhttp[39m:undefined[0mPOST /api/requests/viewAll [32m200[0m 193.808 ms - 1291[0m
[32mhttp[39m:undefined[0mPOST /api/requests/viewAll [32m200[0m 229.454 ms - 1291[0m
[32minfo[39m:    [AUTH_BYPASS] Mock token detected, parsing payload
[33mwarn[39m:    [AUTH_BYPASS] Mock token authenticated: email=bypass@local.dev, sub=bypass-user, roles=[], path=/requests/viewAll, method=POST
[32minfo[39m:    [AUTH_BYPASS] Mock token detected, parsing payload
[33mwarn[39m:    [AUTH_BYPASS] Mock token authenticated: email=bypass@local.dev, sub=bypass-user, roles=[], path=/requests/viewAll, method=POST
[32minfo[39m:    [AUTH_BYPASS] Mock token detected, parsing payload
[33mwarn[39m:    [AUTH_BYPASS] Mock token authenticated: email=bypass@local.dev, sub=bypass-user, roles=[], path=/requests/viewAll, method=POST
[32minfo[39m:    [AUTH_BYPASS] Mock token detected, parsing payload
[33mwarn[39m:    [AUTH_BYPASS] Mock token authenticated: email=bypass@local.dev, sub=bypass-user, roles=[], path=/requests/viewAll, method=POST
[32minfo[39m:    [AUTH_BYPASS] Mock token detected, parsing payload
[33mwarn[39m:    [AUTH_BYPASS] Mock token authenticated: email=bypass@local.dev, sub=bypass-user, roles=[], path=/requests/viewAll, method=POST
[32minfo[39m:    [AUTH_BYPASS] Mock token detected, parsing payload
[33mwarn[39m:    [AUTH_BYPASS] Mock token authenticated: email=bypass@local.dev, sub=bypass-user, roles=[], path=/requests/viewAll, method=POST
[33mwarn[39m:    [DENY] bypass-user lacks marketplace-approver for POST /api/requests/viewAll
[33mwarn[39m:    [DENY] bypass-user lacks marketplace-approver for POST /api/requests/viewAll
[33mwarn[39m:    [DENY] bypass-user lacks marketplace-approver for POST /api/requests/viewAll
[33mwarn[39m:    [DENY] bypass-user lacks marketplace-approver for POST /api/requests/viewAll
[33mwarn[39m:    [DENY] bypass-user lacks marketplace-approver for POST /api/requests/viewAll
[33mwarn[39m:    [AUTHZ_ERROR] [UnauthorizedUserError] user=bypass-user, required_role=marketplace-approver, message=Adjudicator role required
[32mhttp[39m:undefined[0mPOST /api/requests/viewAll [33m403[0m 9.715 ms - 111[0m
[33mwarn[39m:    [AUTHZ_ERROR] [UnauthorizedUserError] user=bypass-user, required_role=marketplace-approver, message=Adjudicator role required
[32mhttp[39m:undefined[0mPOST /api/requests/viewAll [33m403[0m 10.205 ms - 111[0m
[33mwarn[39m:    [AUTHZ_ERROR] [UnauthorizedUserError] user=bypass-user, required_role=marketplace-approver, message=Adjudicator role required
[32mhttp[39m:undefined[0mPOST /api/requests/viewAll [33m403[0m 9.453 ms - 111[0m
[33mwarn[39m:    [AUTHZ_ERROR] [UnauthorizedUserError] user=bypass-user, required_role=marketplace-approver, message=Adjudicator role required
[32mhttp[39m:undefined[0mPOST /api/requests/viewAll [33m403[0m 7.569 ms - 111[0m
[33mwarn[39m:    [AUTHZ_ERROR] [UnauthorizedUserError] user=bypass-user, required_role=marketplace-approver, message=Adjudicator role required
[32mhttp[39m:undefined[0mPOST /api/requests/viewAll [33m403[0m 10.167 ms - 111[0m
[33mwarn[39m:    [DENY] bypass-user lacks marketplace-approver for POST /api/requests/viewAll
[33mwarn[39m:    [AUTHZ_ERROR] [UnauthorizedUserError] user=bypass-user, required_role=marketplace-approver, message=Adjudicator role required
[32mhttp[39m:undefined[0mPOST /api/requests/viewAll [33m403[0m 11.493 ms - 111[0m
[32minfo[39m:    [AUTH_BYPASS] Mock token detected, parsing payload
[33mwarn[39m:    [AUTH_BYPASS] Mock token authenticated: email=bypass@local.dev, sub=bypass-user, roles=[], path=/requests/viewAll, method=POST
[32minfo[39m:    [AUTH_BYPASS] Mock token detected, parsing payload
[33mwarn[39m:    [AUTH_BYPASS] Mock token authenticated: email=bypass@local.dev, sub=bypass-user, roles=[], path=/requests/viewAll, method=POST
[32minfo[39m:    [AUTH_BYPASS] Mock token detected, parsing payload
[33mwarn[39m:    [AUTH_BYPASS] Mock token authenticated: email=bypass@local.dev, sub=bypass-user, roles=[], path=/requests/viewAll, method=POST
[32minfo[39m:    [AUTH_BYPASS] Mock token detected, parsing payload
[33mwarn[39m:    [AUTH_BYPASS] Mock token authenticated: email=bypass@local.dev, sub=bypass-user, roles=[], path=/requests/viewAll, method=POST
[32minfo[39m:    [AUTH_BYPASS] Mock token detected, parsing payload
[33mwarn[39m:    [AUTH_BYPASS] Mock token authenticated: email=bypass@local.dev, sub=bypass-user, roles=[], path=/requests/viewAll, method=POST
[32minfo[39m:    [AUTH_BYPASS] Mock token detected, parsing payload
[33mwarn[39m:    [AUTH_BYPASS] Mock token authenticated: email=bypass@local.dev, sub=bypass-user, roles=[], path=/requests/viewAll, method=POST
[33mwarn[39m:    [DENY] bypass-user lacks marketplace-approver for POST /api/requests/viewAll
[33mwarn[39m:    [DENY] bypass-user lacks marketplace-approver for POST /api/requests/viewAll
[33mwarn[39m:    [DENY] bypass-user lacks marketplace-approver for POST /api/requests/viewAll
[33mwarn[39m:    [DENY] bypass-user lacks marketplace-approver for POST /api/requests/viewAll
[33mwarn[39m:    [DENY] bypass-user lacks marketplace-approver for POST /api/requests/viewAll
[33mwarn[39m:    [AUTHZ_ERROR] [UnauthorizedUserError] user=bypass-user, required_role=marketplace-approver, message=Adjudicator role required
[32mhttp[39m:undefined[0mPOST /api/requests/viewAll [33m403[0m 8.610 ms - 111[0m
[33mwarn[39m:    [AUTHZ_ERROR] [UnauthorizedUserError] user=bypass-user, required_role=marketplace-approver, message=Adjudicator role required
[32mhttp[39m:undefined[0mPOST /api/requests/viewAll [33m403[0m 8.254 ms - 111[0m
[33mwarn[39m:    [AUTHZ_ERROR] [UnauthorizedUserError] user=bypass-user, required_role=marketplace-approver, message=Adjudicator role required
[32mhttp[39m:undefined[0mPOST /api/requests/viewAll [33m403[0m 8.249 ms - 111[0m
[33mwarn[39m:    [AUTHZ_ERROR] [UnauthorizedUserError] user=bypass-user, required_role=marketplace-approver, message=Adjudicator role required
[32mhttp[39m:undefined[0mPOST /api/requests/viewAll [33m403[0m 7.499 ms - 111[0m
[33mwarn[39m:    [AUTHZ_ERROR] [UnauthorizedUserError] user=bypass-user, required_role=marketplace-approver, message=Adjudicator role required
[32mhttp[39m:undefined[0mPOST /api/requests/viewAll [33m403[0m 6.906 ms - 111[0m
[33mwarn[39m:    [DENY] bypass-user lacks marketplace-approver for POST /api/requests/viewAll
[33mwarn[39m:    [AUTHZ_ERROR] [UnauthorizedUserError] user=bypass-user, required_role=marketplace-approver, message=Adjudicator role required
[32mhttp[39m:undefined[0mPOST /api/requests/viewAll [33m403[0m 7.054 ms - 111[0m
[32minfo[39m:    [AUTH_BYPASS] Mock token detected, parsing payload
[33mwarn[39m:    [AUTH_BYPASS] Mock token authenticated: email=joanna.c.ramsey.civ@mail.mil, sub=approver-user-joanna, roles=["marketplace-approver","marketplace:marketplace-approver"], path=/requests/viewAll, method=POST
[32minfo[39m:    [AUTH_BYPASS] Mock token detected, parsing payload
[33mwarn[39m:    [AUTH_BYPASS] Mock token authenticated: email=joanna.c.ramsey.civ@mail.mil, sub=approver-user-joanna, roles=["marketplace-approver","marketplace:marketplace-approver"], path=/requests/viewAll, method=POST
[32minfo[39m:    [AUTH_BYPASS] Mock token detected, parsing payload
[33mwarn[39m:    [AUTH_BYPASS] Mock token authenticated: email=joanna.c.ramsey.civ@mail.mil, sub=approver-user-joanna, roles=["marketplace-approver","marketplace:marketplace-approver"], path=/requests/viewAll, method=POST
[32minfo[39m:    [AUTH_BYPASS] Mock token detected, parsing payload
[33mwarn[39m:    [AUTH_BYPASS] Mock token authenticated: email=bypass@local.dev, sub=bypass-user, roles=[], path=/requests/viewAll, method=POST
[32minfo[39m:    [AUTH_BYPASS] Mock token detected, parsing payload
[33mwarn[39m:    [AUTH_BYPASS] Mock token authenticated: email=bypass@local.dev, sub=bypass-user, roles=[], path=/requests/viewAll, method=POST
[32minfo[39m:    [AUTH_BYPASS] Mock token detected, parsing payload
[33mwarn[39m:    [AUTH_BYPASS] Mock token authenticated: email=bypass@local.dev, sub=bypass-user, roles=[], path=/requests/viewAll, method=POST
[33mwarn[39m:    [DENY] bypass-user lacks marketplace-approver for POST /api/requests/viewAll
[33mwarn[39m:    [AUTHZ_ERROR] [UnauthorizedUserError] user=bypass-user, required_role=marketplace-approver, message=Adjudicator role required
[32mhttp[39m:undefined[0mPOST /api/requests/viewAll [33m403[0m 10.186 ms - 111[0m
[33mwarn[39m:    [DENY] bypass-user lacks marketplace-approver for POST /api/requests/viewAll
[33mwarn[39m:    [AUTHZ_ERROR] [UnauthorizedUserError] user=bypass-user, required_role=marketplace-approver, message=Adjudicator role required
[32mhttp[39m:undefined[0mPOST /api/requests/viewAll [33m403[0m 8.690 ms - 111[0m
[33mwarn[39m:    [DENY] bypass-user lacks marketplace-approver for POST /api/requests/viewAll
[33mwarn[39m:    [AUTHZ_ERROR] [UnauthorizedUserError] user=bypass-user, required_role=marketplace-approver, message=Adjudicator role required
[32mhttp[39m:undefined[0mPOST /api/requests/viewAll [33m403[0m 7.998 ms - 111[0m
[32mhttp[39m:undefined[0mPOST /api/requests/viewAll [32m200[0m 36.754 ms - 1291[0m
[32mhttp[39m:undefined[0mPOST /api/requests/viewAll [32m200[0m 36.773 ms - 1291[0m
[32mhttp[39m:undefined[0mPOST /api/requests/viewAll [32m200[0m 52.980 ms - 1291[0m
[32minfo[39m:    [AUTH_BYPASS] Mock token detected, parsing payload
[33mwarn[39m:    [AUTH_BYPASS] Mock token authenticated: email=bypass@local.dev, sub=bypass-user, roles=[], path=/requests/viewAll, method=POST
[32minfo[39m:    [AUTH_BYPASS] Mock token detected, parsing payload
[33mwarn[39m:    [AUTH_BYPASS] Mock token authenticated: email=bypass@local.dev, sub=bypass-user, roles=[], path=/requests/viewAll, method=POST
[32minfo[39m:    [AUTH_BYPASS] Mock token detected, parsing payload
[33mwarn[39m:    [AUTH_BYPASS] Mock token authenticated: email=bypass@local.dev, sub=bypass-user, roles=[], path=/requests/viewAll, method=POST
[32minfo[39m:    [AUTH_BYPASS] Mock token detected, parsing payload
[33mwarn[39m:    [AUTH_BYPASS] Mock token authenticated: email=joanna.c.ramsey.civ@mail.mil, sub=approver-user-joanna, roles=["marketplace-approver","marketplace:marketplace-approver"], path=/requests/viewAll, method=POST
[32minfo[39m:    [AUTH_BYPASS] Mock token detected, parsing payload
[33mwarn[39m:    [AUTH_BYPASS] Mock token authenticated: email=joanna.c.ramsey.civ@mail.mil, sub=approver-user-joanna, roles=["marketplace-approver","marketplace:marketplace-approver"], path=/requests/viewAll, method=POST
[32minfo[39m:    [AUTH_BYPASS] Mock token detected, parsing payload
[33mwarn[39m:    [AUTH_BYPASS] Mock token authenticated: email=joanna.c.ramsey.civ@mail.mil, sub=approver-user-joanna, roles=["marketplace-approver","marketplace:marketplace-approver"], path=/requests/viewAll, method=POST
[33mwarn[39m:    [DENY] bypass-user lacks marketplace-approver for POST /api/requests/viewAll
[33mwarn[39m:    [DENY] bypass-user lacks marketplace-approver for POST /api/requests/viewAll
[33mwarn[39m:    [DENY] bypass-user lacks marketplace-approver for POST /api/requests/viewAll
[33mwarn[39m:    [AUTHZ_ERROR] [UnauthorizedUserError] user=bypass-user, required_role=marketplace-approver, message=Adjudicator role required
[32mhttp[39m:undefined[0mPOST /api/requests/viewAll [33m403[0m 9.119 ms - 111[0m
[33mwarn[39m:    [AUTHZ_ERROR] [UnauthorizedUserError] user=bypass-user, required_role=marketplace-approver, message=Adjudicator role required
[32mhttp[39m:undefined[0mPOST /api/requests/viewAll [33m403[0m 14.077 ms - 111[0m
[33mwarn[39m:    [AUTHZ_ERROR] [UnauthorizedUserError] user=bypass-user, required_role=marketplace-approver, message=Adjudicator role required
[32mhttp[39m:undefined[0mPOST /api/requests/viewAll [33m403[0m 13.306 ms - 111[0m
[32mhttp[39m:undefined[0mPOST /api/requests/viewAll [32m200[0m 23.072 ms - 1291[0m
[32mhttp[39m:undefined[0mPOST /api/requests/viewAll [32m200[0m 25.336 ms - 1291[0m
[32mhttp[39m:undefined[0mPOST /api/requests/viewAll [32m200[0m 28.172 ms - 1291[0m
[32minfo[39m:    [AUTH_BYPASS] Mock token detected, parsing payload
[33mwarn[39m:    [AUTH_BYPASS] Mock token authenticated: email=bypass@local.dev, sub=bypass-user, roles=[], path=/requests/viewAll, method=POST
[32minfo[39m:    [AUTH_BYPASS] Mock token detected, parsing payload
[33mwarn[39m:    [AUTH_BYPASS] Mock token authenticated: email=bypass@local.dev, sub=bypass-user, roles=[], path=/requests/viewAll, method=POST
[32minfo[39m:    [AUTH_BYPASS] Mock token detected, parsing payload
[33mwarn[39m:    [AUTH_BYPASS] Mock token authenticated: email=bypass@local.dev, sub=bypass-user, roles=[], path=/requests/viewAll, method=POST
[32minfo[39m:    [AUTH_BYPASS] Mock token detected, parsing payload
[33mwarn[39m:    [AUTH_BYPASS] Mock token authenticated: email=bypass@local.dev, sub=bypass-user, roles=[], path=/requests/viewAll, method=POST
[32minfo[39m:    [AUTH_BYPASS] Mock token detected, parsing payload
[33mwarn[39m:    [AUTH_BYPASS] Mock token authenticated: email=bypass@local.dev, sub=bypass-user, roles=[], path=/requests/viewAll, method=POST
[32minfo[39m:    [AUTH_BYPASS] Mock token detected, parsing payload
[33mwarn[39m:    [AUTH_BYPASS] Mock token authenticated: email=bypass@local.dev, sub=bypass-user, roles=[], path=/requests/viewAll, method=POST
[33mwarn[39m:    [DENY] bypass-user lacks marketplace-approver for POST /api/requests/viewAll
[33mwarn[39m:    [DENY] bypass-user lacks marketplace-approver for POST /api/requests/viewAll
[33mwarn[39m:    [DENY] bypass-user lacks marketplace-approver for POST /api/requests/viewAll
[33mwarn[39m:    [DENY] bypass-user lacks marketplace-approver for POST /api/requests/viewAll
[33mwarn[39m:    [DENY] bypass-user lacks marketplace-approver for POST /api/requests/viewAll
[33mwarn[39m:    [AUTHZ_ERROR] [UnauthorizedUserError] user=bypass-user, required_role=marketplace-approver, message=Adjudicator role required
[32mhttp[39m:undefined[0mPOST /api/requests/viewAll [33m403[0m 8.221 ms - 111[0m
[33mwarn[39m:    [AUTHZ_ERROR] [UnauthorizedUserError] user=bypass-user, required_role=marketplace-approver, message=Adjudicator role required
[32mhttp[39m:undefined[0mPOST /api/requests/viewAll [33m403[0m 8.066 ms - 111[0m
[33mwarn[39m:    [AUTHZ_ERROR] [UnauthorizedUserError] user=bypass-user, required_role=marketplace-approver, message=Adjudicator role required
[32mhttp[39m:undefined[0mPOST /api/requests/viewAll [33m403[0m 8.171 ms - 111[0m
[33mwarn[39m:    [AUTHZ_ERROR] [UnauthorizedUserError] user=bypass-user, required_role=marketplace-approver, message=Adjudicator role required
[32mhttp[39m:undefined[0mPOST /api/requests/viewAll [33m403[0m 7.226 ms - 111[0m
[33mwarn[39m:    [AUTHZ_ERROR] [UnauthorizedUserError] user=bypass-user, required_role=marketplace-approver, message=Adjudicator role required
[32mhttp[39m:undefined[0mPOST /api/requests/viewAll [33m403[0m 7.058 ms - 111[0m
[33mwarn[39m:    [DENY] bypass-user lacks marketplace-approver for POST /api/requests/viewAll
[33mwarn[39m:    [AUTHZ_ERROR] [UnauthorizedUserError] user=bypass-user, required_role=marketplace-approver, message=Adjudicator role required
[32mhttp[39m:undefined[0mPOST /api/requests/viewAll [33m403[0m 10.449 ms - 111[0m
[33mwarn[39m:    [AUTH_BYPASS] Request authenticated via global bypass mode: sub=bypass-user, roles=["marketplace-approver","marketplace-requestor"], path=/health, method=GET
[32mhttp[39m:undefined[0mGET /api/health [33m404[0m 27.436 ms - 149[0m
[32mhttp[39m:undefined[0mGET /health [33m404[0m 0.363 ms - 145[0m
[32minfo[39m:    Rendering index ...
[31merror[39m:   Error: ENOENT: no such file or directory, stat '/Users/kberres/dev/CDAO/advana-marketplace-monolith-node/src/public/index.html'
Error: ENOENT: no such file or directory, stat '/Users/kberres/dev/CDAO/advana-marketplace-monolith-node/src/public/index.html'
[32mhttp[39m:undefined[0mGET / [33m404[0m 3.370 ms - 140[0m
[32mhttp[39m:undefined[0mGET /favicon.ico [33m404[0m 0.718 ms - 150[0m
[32mhttp[39m:undefined[0mGET /swagger-ui [36m301[0m 0.905 ms - 160[0m
[32mhttp[39m:undefined[0mGET /swagger-ui/ [32m200[0m 0.885 ms - 3106[0m
[32mhttp[39m:undefined[0mGET /swagger-ui/swagger-ui-init.js [32m200[0m 1.334 ms - 32026[0m
[32mhttp[39m:undefined[0mGET /swagger-ui/swagger-ui.css [32m200[0m 20.001 ms - 155212[0m
[32mhttp[39m:undefined[0mGET /swagger-ui/swagger-ui-standalone-preset.js [32m200[0m 45.200 ms - 250398[0m
[32mhttp[39m:undefined[0mGET /swagger-ui/swagger-ui-bundle.js [32m200[0m 47.066 ms - 1510271[0m
[32mhttp[39m:undefined[0mGET /swagger-ui/favicon-32x32.png [32m200[0m 1.932 ms - 628[0m
[32minfo[39m:    [AUTH_BYPASS] Mock token detected, parsing payload
[33mwarn[39m:    [AUTH_BYPASS] Mock token authenticated: email=bypass@local.dev, sub=bypass-user, roles=[], path=/requests/viewAll, method=POST
[32minfo[39m:    [AUTH_BYPASS] Mock token detected, parsing payload
[33mwarn[39m:    [AUTH_BYPASS] Mock token authenticated: email=bypass@local.dev, sub=bypass-user, roles=[], path=/requests/viewAll, method=POST
[32minfo[39m:    [AUTH_BYPASS] Mock token detected, parsing payload
[33mwarn[39m:    [AUTH_BYPASS] Mock token authenticated: email=bypass@local.dev, sub=bypass-user, roles=[], path=/requests/viewAll, method=POST
[32minfo[39m:    [AUTH_BYPASS] Mock token detected, parsing payload
[33mwarn[39m:    [AUTH_BYPASS] Mock token authenticated: email=bypass@local.dev, sub=bypass-user, roles=[], path=/requests/viewAll, method=POST
[32minfo[39m:    [AUTH_BYPASS] Mock token detected, parsing payload
[33mwarn[39m:    [AUTH_BYPASS] Mock token authenticated: email=bypass@local.dev, sub=bypass-user, roles=[], path=/requests/viewAll, method=POST
[32minfo[39m:    [AUTH_BYPASS] Mock token detected, parsing payload
[33mwarn[39m:    [AUTH_BYPASS] Mock token authenticated: email=bypass@local.dev, sub=bypass-user, roles=[], path=/requests/viewAll, method=POST
[33mwarn[39m:    [DENY] bypass-user lacks marketplace-approver for POST /api/requests/viewAll
[33mwarn[39m:    [AUTHZ_ERROR] [UnauthorizedUserError] user=bypass-user, required_role=marketplace-approver, message=Adjudicator role required
[32mhttp[39m:undefined[0mPOST /api/requests/viewAll [33m403[0m 37.553 ms - 111[0m
[33mwarn[39m:    [DENY] bypass-user lacks marketplace-approver for POST /api/requests/viewAll
[33mwarn[39m:    [DENY] bypass-user lacks marketplace-approver for POST /api/requests/viewAll
[33mwarn[39m:    [DENY] bypass-user lacks marketplace-approver for POST /api/requests/viewAll
[33mwarn[39m:    [DENY] bypass-user lacks marketplace-approver for POST /api/requests/viewAll
[33mwarn[39m:    [DENY] bypass-user lacks marketplace-approver for POST /api/requests/viewAll
[33mwarn[39m:    [AUTHZ_ERROR] [UnauthorizedUserError] user=bypass-user, required_role=marketplace-approver, message=Adjudicator role required
[32mhttp[39m:undefined[0mPOST /api/requests/viewAll [33m403[0m 21.961 ms - 111[0m
[33mwarn[39m:    [AUTHZ_ERROR] [UnauthorizedUserError] user=bypass-user, required_role=marketplace-approver, message=Adjudicator role required
[32mhttp[39m:undefined[0mPOST /api/requests/viewAll [33m403[0m 25.273 ms - 111[0m
[33mwarn[39m:    [AUTHZ_ERROR] [UnauthorizedUserError] user=bypass-user, required_role=marketplace-approver, message=Adjudicator role required
[32mhttp[39m:undefined[0mPOST /api/requests/viewAll [33m403[0m 31.662 ms - 111[0m
[33mwarn[39m:    [AUTHZ_ERROR] [UnauthorizedUserError] user=bypass-user, required_role=marketplace-approver, message=Adjudicator role required
[32mhttp[39m:undefined[0mPOST /api/requests/viewAll [33m403[0m 27.139 ms - 111[0m
[33mwarn[39m:    [AUTHZ_ERROR] [UnauthorizedUserError] user=bypass-user, required_role=marketplace-approver, message=Adjudicator role required
[32mhttp[39m:undefined[0mPOST /api/requests/viewAll [33m403[0m 24.428 ms - 111[0m
[32minfo[39m:    [AUTH_BYPASS] Mock token detected, parsing payload
[33mwarn[39m:    [AUTH_BYPASS] Mock token authenticated: email=bypass@local.dev, sub=bypass-user, roles=[], path=/requests/viewForRequestor, method=POST
[33mwarn[39m:    [DENY] bypass-user lacks marketplace-requestor for POST /api/requests/viewForRequestor
[33mwarn[39m:    [AUTHZ_ERROR] [UnauthorizedUserError] user=bypass-user, required_role=marketplace-requestor, message=Requestor role required
[32mhttp[39m:undefined[0mPOST /api/requests/viewForRequestor [33m403[0m 2.669 ms - 109[0m
[32minfo[39m:    [AUTH_BYPASS] Mock token detected, parsing payload
[33mwarn[39m:    [AUTH_BYPASS] Mock token authenticated: email=bypass@local.dev, sub=bypass-user, roles=[], path=/requests/viewForRequestor, method=POST
[32minfo[39m:    [AUTH_BYPASS] Mock token detected, parsing payload
[33mwarn[39m:    [AUTH_BYPASS] Mock token authenticated: email=bypass@local.dev, sub=bypass-user, roles=[], path=/requests/viewForRequestor, method=POST
[33mwarn[39m:    [DENY] bypass-user lacks marketplace-requestor for POST /api/requests/viewForRequestor
[33mwarn[39m:    [AUTHZ_ERROR] [UnauthorizedUserError] user=bypass-user, required_role=marketplace-requestor, message=Requestor role required
[32mhttp[39m:undefined[0mPOST /api/requests/viewForRequestor [33m403[0m 3.329 ms - 109[0m
[33mwarn[39m:    [DENY] bypass-user lacks marketplace-requestor for POST /api/requests/viewForRequestor
[33mwarn[39m:    [AUTHZ_ERROR] [UnauthorizedUserError] user=bypass-user, required_role=marketplace-requestor, message=Requestor role required
[32mhttp[39m:undefined[0mPOST /api/requests/viewForRequestor [33m403[0m 3.525 ms - 109[0m
[32minfo[39m:    [AUTH_BYPASS] Mock token detected, parsing payload
[33mwarn[39m:    [AUTH_BYPASS] Mock token authenticated: email=vinoth.jagannathan.civ@mail.mil, sub=requestor-user-vinoth, roles=["marketplace-requestor","marketplace:marketplace-requestor"], path=/requests/viewForRequestor, method=POST
[32minfo[39m:    [AUTH_BYPASS] Mock token detected, parsing payload
[33mwarn[39m:    [AUTH_BYPASS] Mock token authenticated: email=vinoth.jagannathan.civ@mail.mil, sub=requestor-user-vinoth, roles=["marketplace-requestor","marketplace:marketplace-requestor"], path=/requests/viewForRequestor, method=POST
[32minfo[39m:    [AUTH_BYPASS] Mock token detected, parsing payload
[33mwarn[39m:    [AUTH_BYPASS] Mock token authenticated: email=vinoth.jagannathan.civ@mail.mil, sub=requestor-user-vinoth, roles=["marketplace-requestor","marketplace:marketplace-requestor"], path=/requests/viewForRequestor, method=POST
[32minfo[39m:    [AUTH_BYPASS] Mock token detected, parsing payload
[33mwarn[39m:    [AUTH_BYPASS] Mock token authenticated: email=vinoth.jagannathan.civ@mail.mil, sub=requestor-user-vinoth, roles=["marketplace-requestor","marketplace:marketplace-requestor"], path=/requests/viewForRequestor, method=POST
[32mhttp[39m:undefined[0mPOST /api/requests/viewForRequestor [32m200[0m 25.250 ms - 862[0m
[32mhttp[39m:undefined[0mPOST /api/requests/viewForRequestor [32m200[0m 23.635 ms - 862[0m
[32mhttp[39m:undefined[0mPOST /api/requests/viewForRequestor [32m200[0m 25.348 ms - 862[0m
[32mhttp[39m:undefined[0mPOST /api/requests/viewForRequestor [32m200[0m 24.399 ms - 862[0m
[32minfo[39m:    [AUTH_BYPASS] Mock token detected, parsing payload
[33mwarn[39m:    [AUTH_BYPASS] Mock token authenticated: email=bypass@local.dev, sub=bypass-user, roles=[], path=/requests/viewForRequestor, method=POST
[32minfo[39m:    [AUTH_BYPASS] Mock token detected, parsing payload
[33mwarn[39m:    [AUTH_BYPASS] Mock token authenticated: email=bypass@local.dev, sub=bypass-user, roles=[], path=/requests/viewForRequestor, method=POST
[32minfo[39m:    [AUTH_BYPASS] Mock token detected, parsing payload
[33mwarn[39m:    [AUTH_BYPASS] Mock token authenticated: email=bypass@local.dev, sub=bypass-user, roles=[], path=/requests/viewForRequestor, method=POST
[32minfo[39m:    [AUTH_BYPASS] Mock token detected, parsing payload
[33mwarn[39m:    [AUTH_BYPASS] Mock token authenticated: email=bypass@local.dev, sub=bypass-user, roles=[], path=/requests/viewForRequestor, method=POST
[32minfo[39m:    [AUTH_BYPASS] Mock token detected, parsing payload
[33mwarn[39m:    [AUTH_BYPASS] Mock token authenticated: email=bypass@local.dev, sub=bypass-user, roles=[], path=/requests/viewForRequestor, method=POST
[32minfo[39m:    [AUTH_BYPASS] Mock token detected, parsing payload
[33mwarn[39m:    [AUTH_BYPASS] Mock token authenticated: email=bypass@local.dev, sub=bypass-user, roles=[], path=/requests/viewForRequestor, method=POST
[33mwarn[39m:    [DENY] bypass-user lacks marketplace-requestor for POST /api/requests/viewForRequestor
[33mwarn[39m:    [AUTHZ_ERROR] [UnauthorizedUserError] user=bypass-user, required_role=marketplace-requestor, message=Requestor role required
[32mhttp[39m:undefined[0mPOST /api/requests/viewForRequestor [33m403[0m 12.006 ms - 109[0m
[33mwarn[39m:    [DENY] bypass-user lacks marketplace-requestor for POST /api/requests/viewForRequestor
[33mwarn[39m:    [AUTHZ_ERROR] [UnauthorizedUserError] user=bypass-user, required_role=marketplace-requestor, message=Requestor role required
[32mhttp[39m:undefined[0mPOST /api/requests/viewForRequestor [33m403[0m 10.355 ms - 109[0m
[33mwarn[39m:    [DENY] bypass-user lacks marketplace-requestor for POST /api/requests/viewForRequestor
[33mwarn[39m:    [AUTHZ_ERROR] [UnauthorizedUserError] user=bypass-user, required_role=marketplace-requestor, message=Requestor role required
[32mhttp[39m:undefined[0mPOST /api/requests/viewForRequestor [33m403[0m 10.280 ms - 109[0m
[33mwarn[39m:    [DENY] bypass-user lacks marketplace-requestor for POST /api/requests/viewForRequestor
[33mwarn[39m:    [AUTHZ_ERROR] [UnauthorizedUserError] user=bypass-user, required_role=marketplace-requestor, message=Requestor role required
[32mhttp[39m:undefined[0mPOST /api/requests/viewForRequestor [33m403[0m 10.482 ms - 109[0m
[33mwarn[39m:    [DENY] bypass-user lacks marketplace-requestor for POST /api/requests/viewForRequestor
[33mwarn[39m:    [AUTHZ_ERROR] [UnauthorizedUserError] user=bypass-user, required_role=marketplace-requestor, message=Requestor role required
[32mhttp[39m:undefined[0mPOST /api/requests/viewForRequestor [33m403[0m 9.910 ms - 109[0m
[33mwarn[39m:    [DENY] bypass-user lacks marketplace-requestor for POST /api/requests/viewForRequestor
[33mwarn[39m:    [AUTHZ_ERROR] [UnauthorizedUserError] user=bypass-user, required_role=marketplace-requestor, message=Requestor role required
[32mhttp[39m:undefined[0mPOST /api/requests/viewForRequestor [33m403[0m 9.556 ms - 109[0m
[32minfo[39m:    [AUTH_BYPASS] Mock token detected, parsing payload
[33mwarn[39m:    [AUTH_BYPASS] Mock token authenticated: email=vinoth.jagannathan.civ@mail.mil, sub=requestor-user-vinoth, roles=["marketplace-requestor","marketplace:marketplace-requestor"], path=/requests/viewForRequestor, method=POST
[32minfo[39m:    [AUTH_BYPASS] Mock token detected, parsing payload
[33mwarn[39m:    [AUTH_BYPASS] Mock token authenticated: email=vinoth.jagannathan.civ@mail.mil, sub=requestor-user-vinoth, roles=["marketplace-requestor","marketplace:marketplace-requestor"], path=/requests/viewForRequestor, method=POST
[32minfo[39m:    [AUTH_BYPASS] Mock token detected, parsing payload
[33mwarn[39m:    [AUTH_BYPASS] Mock token authenticated: email=vinoth.jagannathan.civ@mail.mil, sub=requestor-user-vinoth, roles=["marketplace-requestor","marketplace:marketplace-requestor"], path=/requests/viewForRequestor, method=POST
[32minfo[39m:    [AUTH_BYPASS] Mock token detected, parsing payload
[33mwarn[39m:    [AUTH_BYPASS] Mock token authenticated: email=bypass@local.dev, sub=bypass-user, roles=[], path=/requests/viewForRequestor, method=POST
[32minfo[39m:    [AUTH_BYPASS] Mock token detected, parsing payload
[33mwarn[39m:    [AUTH_BYPASS] Mock token authenticated: email=bypass@local.dev, sub=bypass-user, roles=[], path=/requests/viewForRequestor, method=POST
[32minfo[39m:    [AUTH_BYPASS] Mock token detected, parsing payload
[33mwarn[39m:    [AUTH_BYPASS] Mock token authenticated: email=bypass@local.dev, sub=bypass-user, roles=[], path=/requests/viewForRequestor, method=POST
[33mwarn[39m:    [DENY] bypass-user lacks marketplace-requestor for POST /api/requests/viewForRequestor
[33mwarn[39m:    [DENY] bypass-user lacks marketplace-requestor for POST /api/requests/viewForRequestor
[33mwarn[39m:    [AUTHZ_ERROR] [UnauthorizedUserError] user=bypass-user, required_role=marketplace-requestor, message=Requestor role required
[32mhttp[39m:undefined[0mPOST /api/requests/viewForRequestor [33m403[0m 127.696 ms - 109[0m
[33mwarn[39m:    [AUTHZ_ERROR] [UnauthorizedUserError] user=bypass-user, required_role=marketplace-requestor, message=Requestor role required
[32mhttp[39m:undefined[0mPOST /api/requests/viewForRequestor [33m403[0m 137.492 ms - 109[0m
[33mwarn[39m:    [DENY] bypass-user lacks marketplace-requestor for POST /api/requests/viewForRequestor
[32minfo[39m:    [AUTH_BYPASS] Mock token detected, parsing payload
[33mwarn[39m:    [AUTH_BYPASS] Mock token authenticated: email=vinoth.jagannathan.civ@mail.mil, sub=requestor-user-vinoth, roles=["marketplace-requestor","marketplace:marketplace-requestor"], path=/requests/viewForRequestor, method=POST
[33mwarn[39m:    [AUTHZ_ERROR] [UnauthorizedUserError] user=bypass-user, required_role=marketplace-requestor, message=Requestor role required
[32mhttp[39m:undefined[0mPOST /api/requests/viewForRequestor [33m403[0m 139.747 ms - 109[0m
[32minfo[39m:    [AUTH_BYPASS] Mock token detected, parsing payload
[33mwarn[39m:    [AUTH_BYPASS] Mock token authenticated: email=vinoth.jagannathan.civ@mail.mil, sub=requestor-user-vinoth, roles=["marketplace-requestor","marketplace:marketplace-requestor"], path=/requests/viewForRequestor, method=POST
[32minfo[39m:    [AUTH_BYPASS] Mock token detected, parsing payload
[33mwarn[39m:    [AUTH_BYPASS] Mock token authenticated: email=vinoth.jagannathan.civ@mail.mil, sub=requestor-user-vinoth, roles=["marketplace-requestor","marketplace:marketplace-requestor"], path=/requests/viewForRequestor, method=POST
[32mhttp[39m:undefined[0mPOST /api/requests/viewForRequestor [0m-[0m - ms - -[0m
[32mhttp[39m:undefined[0mPOST /api/requests/viewForRequestor [0m-[0m - ms - -[0m
[32mhttp[39m:undefined[0mPOST /api/requests/viewForRequestor [0m-[0m - ms - -[0m
[32mhttp[39m:undefined[0mPOST /api/requests/viewForRequestor [0m-[0m - ms - -[0m
[32mhttp[39m:undefined[0mPOST /api/requests/viewForRequestor [0m-[0m - ms - -[0m
[32minfo[39m:    [AUTH_BYPASS] Mock token detected, parsing payload
[33mwarn[39m:    [AUTH_BYPASS] Mock token authenticated: email=vinoth.jagannathan.civ@mail.mil, sub=requestor-user-vinoth, roles=["marketplace-requestor","marketplace:marketplace-requestor"], path=/requests/viewForRequestor, method=POST
[32mhttp[39m:undefined[0mPOST /api/requests/viewForRequestor [0m-[0m - ms - -[0m
[32minfo[39m:    [AUTH_BYPASS] Mock token detected, parsing payload
[33mwarn[39m:    [AUTH_BYPASS] Mock token authenticated: email=vinoth.jagannathan.civ@mail.mil, sub=requestor-user-vinoth, roles=["marketplace-requestor","marketplace:marketplace-requestor"], path=/requests/viewForRequestor, method=POST
[32mhttp[39m:undefined[0mPOST /api/requests/viewForRequestor [0m-[0m - ms - -[0m
[32mhttp[39m:undefined[0mPOST /api/requests/viewForRequestor [0m-[0m - ms - -[0m
[32minfo[39m:    [AUTH_BYPASS] Mock token detected, parsing payload
[33mwarn[39m:    [AUTH_BYPASS] Mock token authenticated: email=vinoth.jagannathan.civ@mail.mil, sub=requestor-user-vinoth, roles=["marketplace-requestor","marketplace:marketplace-requestor"], path=/requests/viewForRequestor, method=POST
[32minfo[39m:    [AUTH_BYPASS] Mock token detected, parsing payload
[33mwarn[39m:    [AUTH_BYPASS] Mock token authenticated: email=vinoth.jagannathan.civ@mail.mil, sub=requestor-user-vinoth, roles=["marketplace-requestor","marketplace:marketplace-requestor"], path=/requests/viewForRequestor, method=POST
[32minfo[39m:    [AUTH_BYPASS] Mock token detected, parsing payload
[33mwarn[39m:    [AUTH_BYPASS] Mock token authenticated: email=vinoth.jagannathan.civ@mail.mil, sub=requestor-user-vinoth, roles=["marketplace-requestor","marketplace:marketplace-requestor"], path=/requests/viewForRequestor, method=POST
[32minfo[39m:    [AUTH_BYPASS] Mock token detected, parsing payload
[33mwarn[39m:    [AUTH_BYPASS] Mock token authenticated: email=bypass@local.dev, sub=bypass-user, roles=[], path=/requests/viewForRequestor, method=POST
[33mwarn[39m:    [DENY] bypass-user lacks marketplace-requestor for POST /api/requests/viewForRequestor
[32minfo[39m:    [AUTH_BYPASS] Mock token detected, parsing payload
[33mwarn[39m:    [AUTH_BYPASS] Mock token authenticated: email=bypass@local.dev, sub=bypass-user, roles=[], path=/requests/viewForRequestor, method=POST
[33mwarn[39m:    [AUTHZ_ERROR] [UnauthorizedUserError] user=bypass-user, required_role=marketplace-requestor, message=Requestor role required
[32mhttp[39m:undefined[0mPOST /api/requests/viewForRequestor [33m403[0m 2.000 ms - 109[0m
[33mwarn[39m:    [DENY] bypass-user lacks marketplace-requestor for POST /api/requests/viewForRequestor
[32minfo[39m:    [AUTH_BYPASS] Mock token detected, parsing payload
[33mwarn[39m:    [AUTH_BYPASS] Mock token authenticated: email=bypass@local.dev, sub=bypass-user, roles=[], path=/requests/viewForRequestor, method=POST
[33mwarn[39m:    [AUTHZ_ERROR] [UnauthorizedUserError] user=bypass-user, required_role=marketplace-requestor, message=Requestor role required
[32mhttp[39m:undefined[0mPOST /api/requests/viewForRequestor [33m403[0m 3.349 ms - 109[0m
[33mwarn[39m:    [DENY] bypass-user lacks marketplace-requestor for POST /api/requests/viewForRequestor
[32mhttp[39m:undefined[0mPOST /api/requests/viewForRequestor [32m200[0m 11.716 ms - 862[0m
[33mwarn[39m:    [AUTHZ_ERROR] [UnauthorizedUserError] user=bypass-user, required_role=marketplace-requestor, message=Requestor role required
[32mhttp[39m:undefined[0mPOST /api/requests/viewForRequestor [33m403[0m 1.878 ms - 109[0m
[32mhttp[39m:undefined[0mPOST /api/requests/viewForRequestor [32m200[0m 9.933 ms - 862[0m
[32mhttp[39m:undefined[0mPOST /api/requests/viewForRequestor [32m200[0m 12.541 ms - 862[0m
[32minfo[39m:    [AUTH_BYPASS] Mock token detected, parsing payload
[33mwarn[39m:    [AUTH_BYPASS] Mock token authenticated: email=vinoth.jagannathan.civ@mail.mil, sub=requestor-user-vinoth, roles=["marketplace-requestor","marketplace:marketplace-requestor"], path=/requests/viewForRequestor, method=POST
[32minfo[39m:    [AUTH_BYPASS] Mock token detected, parsing payload
[33mwarn[39m:    [AUTH_BYPASS] Mock token authenticated: email=vinoth.jagannathan.civ@mail.mil, sub=requestor-user-vinoth, roles=["marketplace-requestor","marketplace:marketplace-requestor"], path=/requests/viewForRequestor, method=POST
[32minfo[39m:    [AUTH_BYPASS] Mock token detected, parsing payload
[33mwarn[39m:    [AUTH_BYPASS] Mock token authenticated: email=bypass@local.dev, sub=bypass-user, roles=[], path=/requests/viewForRequestor, method=POST
[32minfo[39m:    [AUTH_BYPASS] Mock token detected, parsing payload
[33mwarn[39m:    [AUTH_BYPASS] Mock token authenticated: email=bypass@local.dev, sub=bypass-user, roles=[], path=/requests/viewForRequestor, method=POST
[32minfo[39m:    [AUTH_BYPASS] Mock token detected, parsing payload
[33mwarn[39m:    [AUTH_BYPASS] Mock token authenticated: email=bypass@local.dev, sub=bypass-user, roles=[], path=/requests/viewForRequestor, method=POST
[32minfo[39m:    [AUTH_BYPASS] Mock token detected, parsing payload
[33mwarn[39m:    [AUTH_BYPASS] Mock token authenticated: email=vinoth.jagannathan.civ@mail.mil, sub=requestor-user-vinoth, roles=["marketplace-requestor","marketplace:marketplace-requestor"], path=/requests/viewForRequestor, method=POST
[33mwarn[39m:    [DENY] bypass-user lacks marketplace-requestor for POST /api/requests/viewForRequestor
[33mwarn[39m:    [DENY] bypass-user lacks marketplace-requestor for POST /api/requests/viewForRequestor
[33mwarn[39m:    [DENY] bypass-user lacks marketplace-requestor for POST /api/requests/viewForRequestor
[33mwarn[39m:    [AUTHZ_ERROR] [UnauthorizedUserError] user=bypass-user, required_role=marketplace-requestor, message=Requestor role required
[32mhttp[39m:undefined[0mPOST /api/requests/viewForRequestor [33m403[0m 4.888 ms - 109[0m
[33mwarn[39m:    [AUTHZ_ERROR] [UnauthorizedUserError] user=bypass-user, required_role=marketplace-requestor, message=Requestor role required
[32mhttp[39m:undefined[0mPOST /api/requests/viewForRequestor [33m403[0m 4.565 ms - 109[0m
[33mwarn[39m:    [AUTHZ_ERROR] [UnauthorizedUserError] user=bypass-user, required_role=marketplace-requestor, message=Requestor role required
[32mhttp[39m:undefined[0mPOST /api/requests/viewForRequestor [33m403[0m 4.340 ms - 109[0m
[32mhttp[39m:undefined[0mPOST /api/requests/viewForRequestor [32m200[0m 15.421 ms - 862[0m
[32mhttp[39m:undefined[0mPOST /api/requests/viewForRequestor [32m200[0m 14.938 ms - 862[0m
[32mhttp[39m:undefined[0mPOST /api/requests/viewForRequestor [32m200[0m 13.849 ms - 862[0m
[32minfo[39m:    [AUTH_BYPASS] Mock token detected, parsing payload
[33mwarn[39m:    [AUTH_BYPASS] Mock token authenticated: email=vinoth.jagannathan.civ@mail.mil, sub=requestor-user-vinoth, roles=["marketplace-requestor","marketplace:marketplace-requestor"], path=/requests/viewForRequestor, method=POST
[32minfo[39m:    [AUTH_BYPASS] Mock token detected, parsing payload
[33mwarn[39m:    [AUTH_BYPASS] Mock token authenticated: email=vinoth.jagannathan.civ@mail.mil, sub=requestor-user-vinoth, roles=["marketplace-requestor","marketplace:marketplace-requestor"], path=/requests/viewForRequestor, method=POST
[32minfo[39m:    [AUTH_BYPASS] Mock token detected, parsing payload
[33mwarn[39m:    [AUTH_BYPASS] Mock token authenticated: email=vinoth.jagannathan.civ@mail.mil, sub=requestor-user-vinoth, roles=["marketplace-requestor","marketplace:marketplace-requestor"], path=/requests/viewForRequestor, method=POST
[32minfo[39m:    [AUTH_BYPASS] Mock token detected, parsing payload
[33mwarn[39m:    [AUTH_BYPASS] Mock token authenticated: email=bypass@local.dev, sub=bypass-user, roles=[], path=/requests/viewForRequestor, method=POST
[32minfo[39m:    [AUTH_BYPASS] Mock token detected, parsing payload
[33mwarn[39m:    [AUTH_BYPASS] Mock token authenticated: email=bypass@local.dev, sub=bypass-user, roles=[], path=/requests/viewForRequestor, method=POST
[32minfo[39m:    [AUTH_BYPASS] Mock token detected, parsing payload
[33mwarn[39m:    [AUTH_BYPASS] Mock token authenticated: email=bypass@local.dev, sub=bypass-user, roles=[], path=/requests/viewForRequestor, method=POST
[33mwarn[39m:    [DENY] bypass-user lacks marketplace-requestor for POST /api/requests/viewForRequestor
[33mwarn[39m:    [AUTHZ_ERROR] [UnauthorizedUserError] user=bypass-user, required_role=marketplace-requestor, message=Requestor role required
[32mhttp[39m:undefined[0mPOST /api/requests/viewForRequestor [33m403[0m 10.235 ms - 109[0m
[33mwarn[39m:    [DENY] bypass-user lacks marketplace-requestor for POST /api/requests/viewForRequestor
[33mwarn[39m:    [DENY] bypass-user lacks marketplace-requestor for POST /api/requests/viewForRequestor
[33mwarn[39m:    [AUTHZ_ERROR] [UnauthorizedUserError] user=bypass-user, required_role=marketplace-requestor, message=Requestor role required
[32mhttp[39m:undefined[0mPOST /api/requests/viewForRequestor [33m403[0m 6.860 ms - 109[0m
[33mwarn[39m:    [AUTHZ_ERROR] [UnauthorizedUserError] user=bypass-user, required_role=marketplace-requestor, message=Requestor role required
[32mhttp[39m:undefined[0mPOST /api/requests/viewForRequestor [33m403[0m 10.823 ms - 109[0m
[32mhttp[39m:undefined[0mPOST /api/requests/viewForRequestor [32m200[0m 24.786 ms - 862[0m
[32mhttp[39m:undefined[0mPOST /api/requests/viewForRequestor [32m200[0m 29.877 ms - 862[0m
[32mhttp[39m:undefined[0mPOST /api/requests/viewForRequestor [32m200[0m 36.425 ms - 862[0m
[32minfo[39m:    [AUTH_BYPASS] Mock token detected, parsing payload
[33mwarn[39m:    [AUTH_BYPASS] Mock token authenticated: email=vinoth.jagannathan.civ@mail.mil, sub=requestor-user-vinoth, roles=["marketplace-requestor","marketplace:marketplace-requestor"], path=/requests/viewForRequestor, method=POST
[32minfo[39m:    [AUTH_BYPASS] Mock token detected, parsing payload
[33mwarn[39m:    [AUTH_BYPASS] Mock token authenticated: email=vinoth.jagannathan.civ@mail.mil, sub=requestor-user-vinoth, roles=["marketplace-requestor","marketplace:marketplace-requestor"], path=/requests/viewForRequestor, method=POST
[32minfo[39m:    [AUTH_BYPASS] Mock token detected, parsing payload
[33mwarn[39m:    [AUTH_BYPASS] Mock token authenticated: email=vinoth.jagannathan.civ@mail.mil, sub=requestor-user-vinoth, roles=["marketplace-requestor","marketplace:marketplace-requestor"], path=/requests/viewForRequestor, method=POST
[32minfo[39m:    [AUTH_BYPASS] Mock token detected, parsing payload
[33mwarn[39m:    [AUTH_BYPASS] Mock token authenticated: email=vinoth.jagannathan.civ@mail.mil, sub=requestor-user-vinoth, roles=["marketplace-requestor","marketplace:marketplace-requestor"], path=/requests/viewForRequestor, method=POST
[32minfo[39m:    [AUTH_BYPASS] Mock token detected, parsing payload
[33mwarn[39m:    [AUTH_BYPASS] Mock token authenticated: email=vinoth.jagannathan.civ@mail.mil, sub=requestor-user-vinoth, roles=["marketplace-requestor","marketplace:marketplace-requestor"], path=/requests/viewForRequestor, method=POST
[32minfo[39m:    [AUTH_BYPASS] Mock token detected, parsing payload
[33mwarn[39m:    [AUTH_BYPASS] Mock token authenticated: email=vinoth.jagannathan.civ@mail.mil, sub=requestor-user-vinoth, roles=["marketplace-requestor","marketplace:marketplace-requestor"], path=/requests/viewForRequestor, method=POST
[32mhttp[39m:undefined[0mPOST /api/requests/viewForRequestor [32m200[0m 13.159 ms - 862[0m
[32mhttp[39m:undefined[0mPOST /api/requests/viewForRequestor [32m200[0m 15.172 ms - 862[0m
[32mhttp[39m:undefined[0mPOST /api/requests/viewForRequestor [32m200[0m 15.200 ms - 862[0m
[32mhttp[39m:undefined[0mPOST /api/requests/viewForRequestor [32m200[0m 21.175 ms - 862[0m
[32mhttp[39m:undefined[0mPOST /api/requests/viewForRequestor [32m200[0m 18.242 ms - 862[0m
[32mhttp[39m:undefined[0mPOST /api/requests/viewForRequestor [32m200[0m 20.335 ms - 862[0m
[32minfo[39m:    [AUTH_BYPASS] Mock token detected, parsing payload
[33mwarn[39m:    [AUTH_BYPASS] Mock token authenticated: email=vinoth.jagannathan.civ@mail.mil, sub=requestor-user-vinoth, roles=["marketplace-requestor","marketplace:marketplace-requestor"], path=/requests/viewForRequestor, method=POST
[32minfo[39m:    [AUTH_BYPASS] Mock token detected, parsing payload
[33mwarn[39m:    [AUTH_BYPASS] Mock token authenticated: email=vinoth.jagannathan.civ@mail.mil, sub=requestor-user-vinoth, roles=["marketplace-requestor","marketplace:marketplace-requestor"], path=/requests/viewForRequestor, method=POST
[32minfo[39m:    [AUTH_BYPASS] Mock token detected, parsing payload
[33mwarn[39m:    [AUTH_BYPASS] Mock token authenticated: email=vinoth.jagannathan.civ@mail.mil, sub=requestor-user-vinoth, roles=["marketplace-requestor","marketplace:marketplace-requestor"], path=/requests/viewForRequestor, method=POST
[32minfo[39m:    [AUTH_BYPASS] Mock token detected, parsing payload
[33mwarn[39m:    [AUTH_BYPASS] Mock token authenticated: email=bypass@local.dev, sub=bypass-user, roles=[], path=/requests/viewForRequestor, method=POST
[32minfo[39m:    [AUTH_BYPASS] Mock token detected, parsing payload
[33mwarn[39m:    [AUTH_BYPASS] Mock token authenticated: email=bypass@local.dev, sub=bypass-user, roles=[], path=/requests/viewForRequestor, method=POST
[32minfo[39m:    [AUTH_BYPASS] Mock token detected, parsing payload
[33mwarn[39m:    [AUTH_BYPASS] Mock token authenticated: email=bypass@local.dev, sub=bypass-user, roles=[], path=/requests/viewForRequestor, method=POST
[33mwarn[39m:    [DENY] bypass-user lacks marketplace-requestor for POST /api/requests/viewForRequestor
[33mwarn[39m:    [DENY] bypass-user lacks marketplace-requestor for POST /api/requests/viewForRequestor
[33mwarn[39m:    [AUTHZ_ERROR] [UnauthorizedUserError] user=bypass-user, required_role=marketplace-requestor, message=Requestor role required
[32mhttp[39m:undefined[0mPOST /api/requests/viewForRequestor [33m403[0m 3.578 ms - 109[0m
[33mwarn[39m:    [AUTHZ_ERROR] [UnauthorizedUserError] user=bypass-user, required_role=marketplace-requestor, message=Requestor role required
[32mhttp[39m:undefined[0mPOST /api/requests/viewForRequestor [33m403[0m 3.500 ms - 109[0m
[33mwarn[39m:    [DENY] bypass-user lacks marketplace-requestor for POST /api/requests/viewForRequestor
[33mwarn[39m:    [AUTHZ_ERROR] [UnauthorizedUserError] user=bypass-user, required_role=marketplace-requestor, message=Requestor role required
[32mhttp[39m:undefined[0mPOST /api/requests/viewForRequestor [33m403[0m 7.949 ms - 109[0m
[32mhttp[39m:undefined[0mPOST /api/requests/viewForRequestor [32m200[0m 12.155 ms - 862[0m
[32mhttp[39m:undefined[0mPOST /api/requests/viewForRequestor [32m200[0m 14.923 ms - 862[0m
[32mhttp[39m:undefined[0mPOST /api/requests/viewForRequestor [32m200[0m 17.446 ms - 862[0m
[32minfo[39m:    [AUTH_BYPASS] Mock token detected, parsing payload
[33mwarn[39m:    [AUTH_BYPASS] Mock token authenticated: email=jennifer.a.cowley.civ@mail.mil, sub=approver-user-jennifer, roles=["marketplace-approver","marketplace:marketplace-approver"], path=/requests/viewAll, method=POST
[32minfo[39m:    [AUTH_BYPASS] Mock token detected, parsing payload
[33mwarn[39m:    [AUTH_BYPASS] Mock token authenticated: email=jennifer.a.cowley.civ@mail.mil, sub=approver-user-jennifer, roles=["marketplace-approver","marketplace:marketplace-approver"], path=/requests/viewAll, method=POST
[32mhttp[39m:undefined[0mPOST /api/requests/viewAll [32m200[0m 63.359 ms - 1291[0m
[32mhttp[39m:undefined[0mPOST /api/requests/viewAll [32m200[0m 45.093 ms - 1291[0m
[32minfo[39m:    [AUTH_BYPASS] Mock token detected, parsing payload
[33mwarn[39m:    [AUTH_BYPASS] Mock token authenticated: email=jennifer.a.cowley.civ@mail.mil, sub=approver-user-jennifer, roles=["marketplace-approver","marketplace:marketplace-approver"], path=/requests/viewAll, method=POST
[32minfo[39m:    [AUTH_BYPASS] Mock token detected, parsing payload
[33mwarn[39m:    [AUTH_BYPASS] Mock token authenticated: email=jennifer.a.cowley.civ@mail.mil, sub=approver-user-jennifer, roles=["marketplace-approver","marketplace:marketplace-approver"], path=/requests/viewAll, method=POST
[32minfo[39m:    [AUTH_BYPASS] Mock token detected, parsing payload
[33mwarn[39m:    [AUTH_BYPASS] Mock token authenticated: email=jennifer.a.cowley.civ@mail.mil, sub=approver-user-jennifer, roles=["marketplace-approver","marketplace:marketplace-approver"], path=/requests/viewAll, method=POST
[32minfo[39m:    [AUTH_BYPASS] Mock token detected, parsing payload
[33mwarn[39m:    [AUTH_BYPASS] Mock token authenticated: email=bypass@local.dev, sub=bypass-user, roles=[], path=/requests/viewAll, method=POST
[33mwarn[39m:    [DENY] bypass-user lacks marketplace-approver for POST /api/requests/viewAll
[32minfo[39m:    [AUTH_BYPASS] Mock token detected, parsing payload
[33mwarn[39m:    [AUTH_BYPASS] Mock token authenticated: email=bypass@local.dev, sub=bypass-user, roles=[], path=/requests/viewAll, method=POST
[33mwarn[39m:    [AUTHZ_ERROR] [UnauthorizedUserError] user=bypass-user, required_role=marketplace-approver, message=Adjudicator role required
[32mhttp[39m:undefined[0mPOST /api/requests/viewAll [33m403[0m 5.548 ms - 111[0m
[32minfo[39m:    [AUTH_BYPASS] Mock token detected, parsing payload
[33mwarn[39m:    [AUTH_BYPASS] Mock token authenticated: email=bypass@local.dev, sub=bypass-user, roles=[], path=/requests/viewAll, method=POST
[33mwarn[39m:    [DENY] bypass-user lacks marketplace-approver for POST /api/requests/viewAll
[33mwarn[39m:    [AUTHZ_ERROR] [UnauthorizedUserError] user=bypass-user, required_role=marketplace-approver, message=Adjudicator role required
[32mhttp[39m:undefined[0mPOST /api/requests/viewAll [33m403[0m 4.064 ms - 111[0m
[32mhttp[39m:undefined[0mPOST /api/requests/viewAll [32m200[0m 18.176 ms - 1291[0m
[32mhttp[39m:undefined[0mPOST /api/requests/viewAll [32m200[0m 14.538 ms - 1291[0m
[32mhttp[39m:undefined[0mPOST /api/requests/viewAll [32m200[0m 18.099 ms - 1291[0m
[33mwarn[39m:    [DENY] bypass-user lacks marketplace-approver for POST /api/requests/viewAll
[33mwarn[39m:    [AUTHZ_ERROR] [UnauthorizedUserError] user=bypass-user, required_role=marketplace-approver, message=Adjudicator role required
[32mhttp[39m:undefined[0mPOST /api/requests/viewAll [33m403[0m 6.750 ms - 111[0m
[33mwarn[39m:    [AUTH_BYPASS] Request authenticated via global bypass mode: sub=bypass-user, roles=["marketplace-approver","marketplace-requestor"], path=/requests/viewPending, method=POST
[33mwarn[39m:    [AUTH_BYPASS] Request authenticated via global bypass mode: sub=bypass-user, roles=["marketplace-approver","marketplace-requestor"], path=/report/summary, method=GET
[32mhttp[39m:undefined[0mPOST /api/requests/viewPending [32m200[0m 19.615 ms - 1291[0m
[32mhttp[39m:undefined[0mGET /api/report/summary [32m200[0m 30.492 ms - 51[0m
[32minfo[39m:    [AUTH_BYPASS] Mock token detected, parsing payload
[33mwarn[39m:    [AUTH_BYPASS] Mock token authenticated: email=bypass@local.dev, sub=bypass-user, roles=[], path=/requests/viewAll, method=POST
[32minfo[39m:    [AUTH_BYPASS] Mock token detected, parsing payload
[33mwarn[39m:    [AUTH_BYPASS] Mock token authenticated: email=bypass@local.dev, sub=bypass-user, roles=[], path=/requests/viewAll, method=POST
[32minfo[39m:    [AUTH_BYPASS] Mock token detected, parsing payload
[33mwarn[39m:    [AUTH_BYPASS] Mock token authenticated: email=bypass@local.dev, sub=bypass-user, roles=[], path=/requests/viewAll, method=POST
[33mwarn[39m:    [DENY] bypass-user lacks marketplace-approver for POST /api/requests/viewAll
[32minfo[39m:    [AUTH_BYPASS] Mock token detected, parsing payload
[33mwarn[39m:    [AUTH_BYPASS] Mock token authenticated: email=bypass@local.dev, sub=bypass-user, roles=[], path=/requests/viewAll, method=POST
[33mwarn[39m:    [DENY] bypass-user lacks marketplace-approver for POST /api/requests/viewAll
[33mwarn[39m:    [AUTHZ_ERROR] [UnauthorizedUserError] user=bypass-user, required_role=marketplace-approver, message=Adjudicator role required
[32mhttp[39m:undefined[0mPOST /api/requests/viewAll [33m403[0m 10.021 ms - 111[0m
[33mwarn[39m:    [AUTHZ_ERROR] [UnauthorizedUserError] user=bypass-user, required_role=marketplace-approver, message=Adjudicator role required
[32mhttp[39m:undefined[0mPOST /api/requests/viewAll [33m403[0m 7.633 ms - 111[0m
[33mwarn[39m:    [DENY] bypass-user lacks marketplace-approver for POST /api/requests/viewAll
[33mwarn[39m:    [DENY] bypass-user lacks marketplace-approver for POST /api/requests/viewAll
[33mwarn[39m:    [AUTHZ_ERROR] [UnauthorizedUserError] user=bypass-user, required_role=marketplace-approver, message=Adjudicator role required
[32mhttp[39m:undefined[0mPOST /api/requests/viewAll [33m403[0m 6.886 ms - 111[0m
[33mwarn[39m:    [AUTHZ_ERROR] [UnauthorizedUserError] user=bypass-user, required_role=marketplace-approver, message=Adjudicator role required
[32mhttp[39m:undefined[0mPOST /api/requests/viewAll [33m403[0m 3.128 ms - 111[0m
[32minfo[39m:    [AUTH_BYPASS] Mock token detected, parsing payload
[33mwarn[39m:    [AUTH_BYPASS] Mock token authenticated: email=vinoth.jagannathan.civ@mail.mil, sub=requestor-user-vinoth, roles=["marketplace-requestor","marketplace:marketplace-requestor"], path=/requests/viewForRequestor, method=POST
[32mhttp[39m:undefined[0mPOST /api/requests/viewForRequestor [32m200[0m 11.915 ms - 862[0m
[32minfo[39m:    [AUTH_BYPASS] Mock token detected, parsing payload
[33mwarn[39m:    [AUTH_BYPASS] Mock token authenticated: email=vinoth.jagannathan.civ@mail.mil, sub=requestor-user-vinoth, roles=["marketplace-requestor","marketplace:marketplace-requestor"], path=/requests/viewForRequestor, method=POST
[32minfo[39m:    [AUTH_BYPASS] Mock token detected, parsing payload
[33mwarn[39m:    [AUTH_BYPASS] Mock token authenticated: email=bypass@local.dev, sub=bypass-user, roles=[], path=/requests/viewForRequestor, method=POST
[33mwarn[39m:    [DENY] bypass-user lacks marketplace-requestor for POST /api/requests/viewForRequestor
[33mwarn[39m:    [AUTHZ_ERROR] [UnauthorizedUserError] user=bypass-user, required_role=marketplace-requestor, message=Requestor role required
[32mhttp[39m:undefined[0mPOST /api/requests/viewForRequestor [33m403[0m 4.273 ms - 109[0m
[32mhttp[39m:undefined[0mPOST /api/requests/viewForRequestor [32m200[0m 8.241 ms - 862[0m
[32minfo[39m:    [AUTH_BYPASS] Mock token detected, parsing payload
[33mwarn[39m:    [AUTH_BYPASS] Mock token authenticated: email=bypass@local.dev, sub=bypass-user, roles=[], path=/requests/viewForRequestor, method=POST
[32minfo[39m:    [AUTH_BYPASS] Mock token detected, parsing payload
[33mwarn[39m:    [AUTH_BYPASS] Mock token authenticated: email=bypass@local.dev, sub=bypass-user, roles=[], path=/requests/viewForRequestor, method=POST
[33mwarn[39m:    [DENY] bypass-user lacks marketplace-requestor for POST /api/requests/viewForRequestor
[33mwarn[39m:    [DENY] bypass-user lacks marketplace-requestor for POST /api/requests/viewForRequestor
[32minfo[39m:    [AUTH_BYPASS] Mock token detected, parsing payload
[33mwarn[39m:    [AUTH_BYPASS] Mock token authenticated: email=bypass@local.dev, sub=bypass-user, roles=[], path=/requests/viewForRequestor, method=POST
[33mwarn[39m:    [AUTHZ_ERROR] [UnauthorizedUserError] user=bypass-user, required_role=marketplace-requestor, message=Requestor role required
[32mhttp[39m:undefined[0mPOST /api/requests/viewForRequestor [33m403[0m 5.434 ms - 109[0m
[33mwarn[39m:    [AUTHZ_ERROR] [UnauthorizedUserError] user=bypass-user, required_role=marketplace-requestor, message=Requestor role required
[32mhttp[39m:undefined[0mPOST /api/requests/viewForRequestor [33m403[0m 4.251 ms - 109[0m
[33mwarn[39m:    [DENY] bypass-user lacks marketplace-requestor for POST /api/requests/viewForRequestor
[32minfo[39m:    [AUTH_BYPASS] Mock token detected, parsing payload
[33mwarn[39m:    [AUTH_BYPASS] Mock token authenticated: email=bypass@local.dev, sub=bypass-user, roles=[], path=/requests/viewForRequestor, method=POST
[33mwarn[39m:    [AUTHZ_ERROR] [UnauthorizedUserError] user=bypass-user, required_role=marketplace-requestor, message=Requestor role required
[32mhttp[39m:undefined[0mPOST /api/requests/viewForRequestor [33m403[0m 4.550 ms - 109[0m
[33mwarn[39m:    [DENY] bypass-user lacks marketplace-requestor for POST /api/requests/viewForRequestor
[33mwarn[39m:    [AUTHZ_ERROR] [UnauthorizedUserError] user=bypass-user, required_role=marketplace-requestor, message=Requestor role required
[32mhttp[39m:undefined[0mPOST /api/requests/viewForRequestor [33m403[0m 1.480 ms - 109[0m
[32minfo[39m:    [AUTH_BYPASS] Mock token detected, parsing payload
[33mwarn[39m:    [AUTH_BYPASS] Mock token authenticated: email=vinoth.jagannathan.civ@mail.mil, sub=requestor-user-vinoth, roles=["marketplace-requestor","marketplace:marketplace-requestor"], path=/requests/viewForRequestor, method=POST
[32minfo[39m:    [AUTH_BYPASS] Mock token detected, parsing payload
[33mwarn[39m:    [AUTH_BYPASS] Mock token authenticated: email=vinoth.jagannathan.civ@mail.mil, sub=requestor-user-vinoth, roles=["marketplace-requestor","marketplace:marketplace-requestor"], path=/requests/viewForRequestor, method=POST
[32minfo[39m:    [AUTH_BYPASS] Mock token detected, parsing payload
[33mwarn[39m:    [AUTH_BYPASS] Mock token authenticated: email=vinoth.jagannathan.civ@mail.mil, sub=requestor-user-vinoth, roles=["marketplace-requestor","marketplace:marketplace-requestor"], path=/requests/viewForRequestor, method=POST
[32minfo[39m:    [AUTH_BYPASS] Mock token detected, parsing payload
[33mwarn[39m:    [AUTH_BYPASS] Mock token authenticated: email=bypass@local.dev, sub=bypass-user, roles=[], path=/requests/viewForRequestor, method=POST
[32minfo[39m:    [AUTH_BYPASS] Mock token detected, parsing payload
[33mwarn[39m:    [AUTH_BYPASS] Mock token authenticated: email=bypass@local.dev, sub=bypass-user, roles=[], path=/requests/viewForRequestor, method=POST
[33mwarn[39m:    [DENY] bypass-user lacks marketplace-requestor for POST /api/requests/viewForRequestor
[32minfo[39m:    [AUTH_BYPASS] Mock token detected, parsing payload
[33mwarn[39m:    [AUTH_BYPASS] Mock token authenticated: email=bypass@local.dev, sub=bypass-user, roles=[], path=/requests/viewForRequestor, method=POST
[33mwarn[39m:    [AUTHZ_ERROR] [UnauthorizedUserError] user=bypass-user, required_role=marketplace-requestor, message=Requestor role required
[32mhttp[39m:undefined[0mPOST /api/requests/viewForRequestor [33m403[0m 4.210 ms - 109[0m
[33mwarn[39m:    [DENY] bypass-user lacks marketplace-requestor for POST /api/requests/viewForRequestor
[33mwarn[39m:    [AUTHZ_ERROR] [UnauthorizedUserError] user=bypass-user, required_role=marketplace-requestor, message=Requestor role required
[32mhttp[39m:undefined[0mPOST /api/requests/viewForRequestor [33m403[0m 3.145 ms - 109[0m
[33mwarn[39m:    [DENY] bypass-user lacks marketplace-requestor for POST /api/requests/viewForRequestor
[33mwarn[39m:    [AUTHZ_ERROR] [UnauthorizedUserError] user=bypass-user, required_role=marketplace-requestor, message=Requestor role required
[32mhttp[39m:undefined[0mPOST /api/requests/viewForRequestor [33m403[0m 2.914 ms - 109[0m
[32mhttp[39m:undefined[0mPOST /api/requests/viewForRequestor [32m200[0m 13.833 ms - 862[0m
[32mhttp[39m:undefined[0mPOST /api/requests/viewForRequestor [32m200[0m 11.362 ms - 862[0m
[32mhttp[39m:undefined[0mPOST /api/requests/viewForRequestor [32m200[0m 13.953 ms - 862[0m
[32minfo[39m:    [AUTH_BYPASS] Mock token detected, parsing payload
[33mwarn[39m:    [AUTH_BYPASS] Mock token authenticated: email=vinoth.jagannathan.civ@mail.mil, sub=requestor-user-vinoth, roles=["marketplace-requestor","marketplace:marketplace-requestor"], path=/requests/viewForRequestor, method=POST
[32minfo[39m:    [AUTH_BYPASS] Mock token detected, parsing payload
[33mwarn[39m:    [AUTH_BYPASS] Mock token authenticated: email=bypass@local.dev, sub=bypass-user, roles=[], path=/requests/viewForRequestor, method=POST
[33mwarn[39m:    [DENY] bypass-user lacks marketplace-requestor for POST /api/requests/viewForRequestor
[33mwarn[39m:    [AUTHZ_ERROR] [UnauthorizedUserError] user=bypass-user, required_role=marketplace-requestor, message=Requestor role required
[32mhttp[39m:undefined[0mPOST /api/requests/viewForRequestor [33m403[0m 7.052 ms - 109[0m
[32mhttp[39m:undefined[0mPOST /api/requests/viewForRequestor [32m200[0m 17.239 ms - 862[0m
[32minfo[39m:    [AUTH_BYPASS] Mock token detected, parsing payload
[33mwarn[39m:    [AUTH_BYPASS] Mock token authenticated: email=bypass@local.dev, sub=bypass-user, roles=[], path=/requests/viewForRequestor, method=POST
[32minfo[39m:    [AUTH_BYPASS] Mock token detected, parsing payload
[33mwarn[39m:    [AUTH_BYPASS] Mock token authenticated: email=vinoth.jagannathan.civ@mail.mil, sub=requestor-user-vinoth, roles=["marketplace-requestor","marketplace:marketplace-requestor"], path=/requests/viewForRequestor, method=POST
[33mwarn[39m:    [DENY] bypass-user lacks marketplace-requestor for POST /api/requests/viewForRequestor
[33mwarn[39m:    [AUTHZ_ERROR] [UnauthorizedUserError] user=bypass-user, required_role=marketplace-requestor, message=Requestor role required
[32mhttp[39m:undefined[0mPOST /api/requests/viewForRequestor [33m403[0m 12.137 ms - 109[0m
[32mhttp[39m:undefined[0mPOST /api/requests/viewForRequestor [32m200[0m 16.072 ms - 862[0m
[32minfo[39m:    [AUTH_BYPASS] Mock token detected, parsing payload
[33mwarn[39m:    [AUTH_BYPASS] Mock token authenticated: email=bypass@local.dev, sub=bypass-user, roles=[], path=/requests/viewForRequestor, method=POST
[32minfo[39m:    [AUTH_BYPASS] Mock token detected, parsing payload
[33mwarn[39m:    [AUTH_BYPASS] Mock token authenticated: email=bypass@local.dev, sub=bypass-user, roles=[], path=/requests/viewForRequestor, method=POST
[33mwarn[39m:    [DENY] bypass-user lacks marketplace-requestor for POST /api/requests/viewForRequestor
[32minfo[39m:    [AUTH_BYPASS] Mock token detected, parsing payload
[33mwarn[39m:    [AUTH_BYPASS] Mock token authenticated: email=bypass@local.dev, sub=bypass-user, roles=[], path=/requests/viewForRequestor, method=POST
[33mwarn[39m:    [AUTHZ_ERROR] [UnauthorizedUserError] user=bypass-user, required_role=marketplace-requestor, message=Requestor role required
[32mhttp[39m:undefined[0mPOST /api/requests/viewForRequestor [33m403[0m 3.861 ms - 109[0m
[33mwarn[39m:    [DENY] bypass-user lacks marketplace-requestor for POST /api/requests/viewForRequestor
[33mwarn[39m:    [DENY] bypass-user lacks marketplace-requestor for POST /api/requests/viewForRequestor
[32minfo[39m:    [AUTH_BYPASS] Mock token detected, parsing payload
[33mwarn[39m:    [AUTH_BYPASS] Mock token authenticated: email=bypass@local.dev, sub=bypass-user, roles=[], path=/requests/viewForRequestor, method=POST
[33mwarn[39m:    [AUTHZ_ERROR] [UnauthorizedUserError] user=bypass-user, required_role=marketplace-requestor, message=Requestor role required
[32mhttp[39m:undefined[0mPOST /api/requests/viewForRequestor [33m403[0m 1.470 ms - 109[0m
[33mwarn[39m:    [AUTHZ_ERROR] [UnauthorizedUserError] user=bypass-user, required_role=marketplace-requestor, message=Requestor role required
[32mhttp[39m:undefined[0mPOST /api/requests/viewForRequestor [33m403[0m 3.666 ms - 109[0m
[33mwarn[39m:    [DENY] bypass-user lacks marketplace-requestor for POST /api/requests/viewForRequestor
[33mwarn[39m:    [AUTHZ_ERROR] [UnauthorizedUserError] user=bypass-user, required_role=marketplace-requestor, message=Requestor role required
[32mhttp[39m:undefined[0mPOST /api/requests/viewForRequestor [33m403[0m 1.950 ms - 109[0m
[32minfo[39m:    [AUTH_BYPASS] Mock token detected, parsing payload
[33mwarn[39m:    [AUTH_BYPASS] Mock token authenticated: email=vinoth.jagannathan.civ@mail.mil, sub=requestor-user-vinoth, roles=["marketplace-requestor","marketplace:marketplace-requestor"], path=/requests/viewForRequestor, method=POST
[32minfo[39m:    [AUTH_BYPASS] Mock token detected, parsing payload
[33mwarn[39m:    [AUTH_BYPASS] Mock token authenticated: email=vinoth.jagannathan.civ@mail.mil, sub=requestor-user-vinoth, roles=["marketplace-requestor","marketplace:marketplace-requestor"], path=/requests/viewForRequestor, method=POST
[32minfo[39m:    [AUTH_BYPASS] Mock token detected, parsing payload
[33mwarn[39m:    [AUTH_BYPASS] Mock token authenticated: email=vinoth.jagannathan.civ@mail.mil, sub=requestor-user-vinoth, roles=["marketplace-requestor","marketplace:marketplace-requestor"], path=/requests/viewForRequestor, method=POST
[32minfo[39m:    [AUTH_BYPASS] Mock token detected, parsing payload
[33mwarn[39m:    [AUTH_BYPASS] Mock token authenticated: email=bypass@local.dev, sub=bypass-user, roles=[], path=/requests/viewForRequestor, method=POST
[32minfo[39m:    [AUTH_BYPASS] Mock token detected, parsing payload
[33mwarn[39m:    [AUTH_BYPASS] Mock token authenticated: email=bypass@local.dev, sub=bypass-user, roles=[], path=/requests/viewForRequestor, method=POST
[33mwarn[39m:    [DENY] bypass-user lacks marketplace-requestor for POST /api/requests/viewForRequestor
[32minfo[39m:    [AUTH_BYPASS] Mock token detected, parsing payload
[33mwarn[39m:    [AUTH_BYPASS] Mock token authenticated: email=bypass@local.dev, sub=bypass-user, roles=[], path=/requests/viewForRequestor, method=POST
[33mwarn[39m:    [AUTHZ_ERROR] [UnauthorizedUserError] user=bypass-user, required_role=marketplace-requestor, message=Requestor role required
[32mhttp[39m:undefined[0mPOST /api/requests/viewForRequestor [33m403[0m 4.173 ms - 109[0m
[33mwarn[39m:    [DENY] bypass-user lacks marketplace-requestor for POST /api/requests/viewForRequestor
[33mwarn[39m:    [AUTHZ_ERROR] [UnauthorizedUserError] user=bypass-user, required_role=marketplace-requestor, message=Requestor role required
[32mhttp[39m:undefined[0mPOST /api/requests/viewForRequestor [33m403[0m 5.163 ms - 109[0m
[33mwarn[39m:    [DENY] bypass-user lacks marketplace-requestor for POST /api/requests/viewForRequestor
[33mwarn[39m:    [AUTHZ_ERROR] [UnauthorizedUserError] user=bypass-user, required_role=marketplace-requestor, message=Requestor role required
[32mhttp[39m:undefined[0mPOST /api/requests/viewForRequestor [33m403[0m 4.661 ms - 109[0m
[32mhttp[39m:undefined[0mPOST /api/requests/viewForRequestor [32m200[0m 16.737 ms - 862[0m
[32mhttp[39m:undefined[0mPOST /api/requests/viewForRequestor [32m200[0m 16.018 ms - 862[0m
[32mhttp[39m:undefined[0mPOST /api/requests/viewForRequestor [32m200[0m 15.176 ms - 862[0m
[32minfo[39m:    [AUTH_BYPASS] Mock token detected, parsing payload
[33mwarn[39m:    [AUTH_BYPASS] Mock token authenticated: email=joanna.c.ramsey.civ@mail.mil, sub=approver-user-joanna, roles=["marketplace-approver","marketplace:marketplace-approver"], path=/requests/viewAll, method=POST
[32minfo[39m:    [AUTH_BYPASS] Mock token detected, parsing payload
[33mwarn[39m:    [AUTH_BYPASS] Mock token authenticated: email=joanna.c.ramsey.civ@mail.mil, sub=approver-user-joanna, roles=["marketplace-approver","marketplace:marketplace-approver"], path=/requests/viewAll, method=POST
[32mhttp[39m:undefined[0mPOST /api/requests/viewAll [32m200[0m 7.596 ms - 1291[0m
[32mhttp[39m:undefined[0mPOST /api/requests/viewAll [32m200[0m 5.904 ms - 1291[0m
[32minfo[39m:    [AUTH_BYPASS] Mock token detected, parsing payload
[33mwarn[39m:    [AUTH_BYPASS] Mock token authenticated: email=joanna.c.ramsey.civ@mail.mil, sub=approver-user-joanna, roles=["marketplace-approver","marketplace:marketplace-approver"], path=/requests/viewAll, method=POST
[32minfo[39m:    [AUTH_BYPASS] Mock token detected, parsing payload
[33mwarn[39m:    [AUTH_BYPASS] Mock token authenticated: email=joanna.c.ramsey.civ@mail.mil, sub=approver-user-joanna, roles=["marketplace-approver","marketplace:marketplace-approver"], path=/requests/viewAll, method=POST
[32minfo[39m:    [AUTH_BYPASS] Mock token detected, parsing payload
[33mwarn[39m:    [AUTH_BYPASS] Mock token authenticated: email=joanna.c.ramsey.civ@mail.mil, sub=approver-user-joanna, roles=["marketplace-approver","marketplace:marketplace-approver"], path=/requests/viewAll, method=POST
[32minfo[39m:    [AUTH_BYPASS] Mock token detected, parsing payload
[33mwarn[39m:    [AUTH_BYPASS] Mock token authenticated: email=bypass@local.dev, sub=bypass-user, roles=[], path=/requests/viewAll, method=POST
[32minfo[39m:    [AUTH_BYPASS] Mock token detected, parsing payload
[33mwarn[39m:    [AUTH_BYPASS] Mock token authenticated: email=bypass@local.dev, sub=bypass-user, roles=[], path=/requests/viewAll, method=POST
[33mwarn[39m:    [DENY] bypass-user lacks marketplace-approver for POST /api/requests/viewAll
[32minfo[39m:    [AUTH_BYPASS] Mock token detected, parsing payload
[33mwarn[39m:    [AUTH_BYPASS] Mock token authenticated: email=bypass@local.dev, sub=bypass-user, roles=[], path=/requests/viewAll, method=POST
[33mwarn[39m:    [AUTHZ_ERROR] [UnauthorizedUserError] user=bypass-user, required_role=marketplace-approver, message=Adjudicator role required
[32mhttp[39m:undefined[0mPOST /api/requests/viewAll [33m403[0m 4.010 ms - 111[0m
[33mwarn[39m:    [DENY] bypass-user lacks marketplace-approver for POST /api/requests/viewAll
[32mhttp[39m:undefined[0mPOST /api/requests/viewAll [32m200[0m 7.369 ms - 1291[0m
[32mhttp[39m:undefined[0mPOST /api/requests/viewAll [32m200[0m 12.958 ms - 1291[0m
[33mwarn[39m:    [DENY] bypass-user lacks marketplace-approver for POST /api/requests/viewAll
[33mwarn[39m:    [AUTHZ_ERROR] [UnauthorizedUserError] user=bypass-user, required_role=marketplace-approver, message=Adjudicator role required
[32mhttp[39m:undefined[0mPOST /api/requests/viewAll [33m403[0m 6.507 ms - 111[0m
[33mwarn[39m:    [AUTHZ_ERROR] [UnauthorizedUserError] user=bypass-user, required_role=marketplace-approver, message=Adjudicator role required
[32mhttp[39m:undefined[0mPOST /api/requests/viewAll [33m403[0m 8.553 ms - 111[0m
[32mhttp[39m:undefined[0mPOST /api/requests/viewAll [32m200[0m 14.936 ms - 1291[0m
[32minfo[39m:    [AUTH_BYPASS] Mock token detected, parsing payload
[33mwarn[39m:    [AUTH_BYPASS] Mock token authenticated: email=bypass@local.dev, sub=bypass-user, roles=[], path=/requests/viewAll, method=POST
[32minfo[39m:    [AUTH_BYPASS] Mock token detected, parsing payload
[33mwarn[39m:    [AUTH_BYPASS] Mock token authenticated: email=bypass@local.dev, sub=bypass-user, roles=[], path=/requests/viewAll, method=POST
[32minfo[39m:    [AUTH_BYPASS] Mock token detected, parsing payload
[33mwarn[39m:    [AUTH_BYPASS] Mock token authenticated: email=bypass@local.dev, sub=bypass-user, roles=[], path=/requests/viewAll, method=POST
[32minfo[39m:    [AUTH_BYPASS] Mock token detected, parsing payload
[33mwarn[39m:    [AUTH_BYPASS] Mock token authenticated: email=bypass@local.dev, sub=bypass-user, roles=[], path=/requests/viewAll, method=POST
[33mwarn[39m:    [DENY] bypass-user lacks marketplace-approver for POST /api/requests/viewAll
[33mwarn[39m:    [AUTHZ_ERROR] [UnauthorizedUserError] user=bypass-user, required_role=marketplace-approver, message=Adjudicator role required
[32mhttp[39m:undefined[0mPOST /api/requests/viewAll [33m403[0m 15.021 ms - 111[0m
[33mwarn[39m:    [DENY] bypass-user lacks marketplace-approver for POST /api/requests/viewAll
[33mwarn[39m:    [AUTHZ_ERROR] [UnauthorizedUserError] user=bypass-user, required_role=marketplace-approver, message=Adjudicator role required
[32mhttp[39m:undefined[0mPOST /api/requests/viewAll [33m403[0m 8.208 ms - 111[0m
[33mwarn[39m:    [DENY] bypass-user lacks marketplace-approver for POST /api/requests/viewAll
[33mwarn[39m:    [AUTHZ_ERROR] [UnauthorizedUserError] user=bypass-user, required_role=marketplace-approver, message=Adjudicator role required
[32mhttp[39m:undefined[0mPOST /api/requests/viewAll [33m403[0m 7.801 ms - 111[0m
[33mwarn[39m:    [DENY] bypass-user lacks marketplace-approver for POST /api/requests/viewAll
[33mwarn[39m:    [AUTHZ_ERROR] [UnauthorizedUserError] user=bypass-user, required_role=marketplace-approver, message=Adjudicator role required
[32mhttp[39m:undefined[0mPOST /api/requests/viewAll [33m403[0m 8.419 ms - 111[0m
[32minfo[39m:    [AUTH_BYPASS] Mock token detected, parsing payload
[33mwarn[39m:    [AUTH_BYPASS] Mock token authenticated: email=bypass@local.dev, sub=bypass-user, roles=[], path=/requests/viewAll, method=POST
[32minfo[39m:    [AUTH_BYPASS] Mock token detected, parsing payload
[33mwarn[39m:    [AUTH_BYPASS] Mock token authenticated: email=bypass@local.dev, sub=bypass-user, roles=[], path=/requests/viewAll, method=POST
[32minfo[39m:    [AUTH_BYPASS] Mock token detected, parsing payload
[33mwarn[39m:    [AUTH_BYPASS] Mock token authenticated: email=bypass@local.dev, sub=bypass-user, roles=[], path=/requests/viewAll, method=POST
[32minfo[39m:    [AUTH_BYPASS] Mock token detected, parsing payload
[33mwarn[39m:    [AUTH_BYPASS] Mock token authenticated: email=bypass@local.dev, sub=bypass-user, roles=[], path=/requests/viewAll, method=POST
[33mwarn[39m:    [DENY] bypass-user lacks marketplace-approver for POST /api/requests/viewAll
[33mwarn[39m:    [AUTHZ_ERROR] [UnauthorizedUserError] user=bypass-user, required_role=marketplace-approver, message=Adjudicator role required
[32mhttp[39m:undefined[0mPOST /api/requests/viewAll [33m403[0m 18.103 ms - 111[0m
[33mwarn[39m:    [DENY] bypass-user lacks marketplace-approver for POST /api/requests/viewAll
[33mwarn[39m:    [DENY] bypass-user lacks marketplace-approver for POST /api/requests/viewAll
[33mwarn[39m:    [DENY] bypass-user lacks marketplace-approver for POST /api/requests/viewAll
[33mwarn[39m:    [AUTHZ_ERROR] [UnauthorizedUserError] user=bypass-user, required_role=marketplace-approver, message=Adjudicator role required
[32mhttp[39m:undefined[0mPOST /api/requests/viewAll [33m403[0m 32.160 ms - 111[0m
[33mwarn[39m:    [AUTHZ_ERROR] [UnauthorizedUserError] user=bypass-user, required_role=marketplace-approver, message=Adjudicator role required
[32mhttp[39m:undefined[0mPOST /api/requests/viewAll [33m403[0m 17.343 ms - 111[0m
[33mwarn[39m:    [AUTHZ_ERROR] [UnauthorizedUserError] user=bypass-user, required_role=marketplace-approver, message=Adjudicator role required
[32mhttp[39m:undefined[0mPOST /api/requests/viewAll [33m403[0m 16.710 ms - 111[0m
[32minfo[39m:    [AUTH_BYPASS] Mock token detected, parsing payload
[33mwarn[39m:    [AUTH_BYPASS] Mock token authenticated: email=joanna.c.ramsey.civ@mail.mil, sub=approver-user-joanna, roles=["marketplace-approver","marketplace:marketplace-approver"], path=/requests/viewAll, method=POST
[32minfo[39m:    [AUTH_BYPASS] Mock token detected, parsing payload
[33mwarn[39m:    [AUTH_BYPASS] Mock token authenticated: email=joanna.c.ramsey.civ@mail.mil, sub=approver-user-joanna, roles=["marketplace-approver","marketplace:marketplace-approver"], path=/requests/viewAll, method=POST
[32minfo[39m:    [AUTH_BYPASS] Mock token detected, parsing payload
[33mwarn[39m:    [AUTH_BYPASS] Mock token authenticated: email=joanna.c.ramsey.civ@mail.mil, sub=approver-user-joanna, roles=["marketplace-approver","marketplace:marketplace-approver"], path=/requests/viewAll, method=POST
[32minfo[39m:    [AUTH_BYPASS] Mock token detected, parsing payload
[33mwarn[39m:    [AUTH_BYPASS] Mock token authenticated: email=bypass@local.dev, sub=bypass-user, roles=[], path=/requests/viewAll, method=POST
[32minfo[39m:    [AUTH_BYPASS] Mock token detected, parsing payload
[33mwarn[39m:    [AUTH_BYPASS] Mock token authenticated: email=bypass@local.dev, sub=bypass-user, roles=[], path=/requests/viewAll, method=POST
[32minfo[39m:    [AUTH_BYPASS] Mock token detected, parsing payload
[33mwarn[39m:    [AUTH_BYPASS] Mock token authenticated: email=bypass@local.dev, sub=bypass-user, roles=[], path=/requests/viewAll, method=POST
[33mwarn[39m:    [DENY] bypass-user lacks marketplace-approver for POST /api/requests/viewAll
[33mwarn[39m:    [AUTHZ_ERROR] [UnauthorizedUserError] user=bypass-user, required_role=marketplace-approver, message=Adjudicator role required
[32mhttp[39m:undefined[0mPOST /api/requests/viewAll [33m403[0m 10.124 ms - 111[0m
[33mwarn[39m:    [DENY] bypass-user lacks marketplace-approver for POST /api/requests/viewAll
[33mwarn[39m:    [DENY] bypass-user lacks marketplace-approver for POST /api/requests/viewAll
[33mwarn[39m:    [AUTHZ_ERROR] [UnauthorizedUserError] user=bypass-user, required_role=marketplace-approver, message=Adjudicator role required
[32mhttp[39m:undefined[0mPOST /api/requests/viewAll [33m403[0m 10.822 ms - 111[0m
[33mwarn[39m:    [AUTHZ_ERROR] [UnauthorizedUserError] user=bypass-user, required_role=marketplace-approver, message=Adjudicator role required
[32mhttp[39m:undefined[0mPOST /api/requests/viewAll [33m403[0m 10.348 ms - 111[0m
[32mhttp[39m:undefined[0mPOST /api/requests/viewAll [32m200[0m 22.245 ms - 1291[0m
[32mhttp[39m:undefined[0mPOST /api/requests/viewAll [32m200[0m 20.694 ms - 1291[0m
[32mhttp[39m:undefined[0mPOST /api/requests/viewAll [32m200[0m 28.391 ms - 1291[0m
[32minfo[39m:    [AUTH_BYPASS] Mock token detected, parsing payload
[33mwarn[39m:    [AUTH_BYPASS] Mock token authenticated: email=bypass@local.dev, sub=bypass-user, roles=[], path=/requests/viewAll, method=POST
[32minfo[39m:    [AUTH_BYPASS] Mock token detected, parsing payload
[33mwarn[39m:    [AUTH_BYPASS] Mock token authenticated: email=bypass@local.dev, sub=bypass-user, roles=[], path=/requests/viewAll, method=POST
[33mwarn[39m:    [DENY] bypass-user lacks marketplace-approver for POST /api/requests/viewAll
[33mwarn[39m:    [AUTHZ_ERROR] [UnauthorizedUserError] user=bypass-user, required_role=marketplace-approver, message=Adjudicator role required
[32mhttp[39m:undefined[0mPOST /api/requests/viewAll [33m403[0m 9.011 ms - 111[0m
[33mwarn[39m:    [DENY] bypass-user lacks marketplace-approver for POST /api/requests/viewAll
[33mwarn[39m:    [AUTHZ_ERROR] [UnauthorizedUserError] user=bypass-user, required_role=marketplace-approver, message=Adjudicator role required
[32mhttp[39m:undefined[0mPOST /api/requests/viewAll [33m403[0m 18.318 ms - 111[0m
[32minfo[39m:    [AUTH_BYPASS] Mock token detected, parsing payload
[33mwarn[39m:    [AUTH_BYPASS] Mock token authenticated: email=joanna.c.ramsey.civ@mail.mil, sub=approver-user-joanna, roles=["marketplace-approver","marketplace:marketplace-approver"], path=/requests/viewAll, method=POST
[32minfo[39m:    [AUTH_BYPASS] Mock token detected, parsing payload
[33mwarn[39m:    [AUTH_BYPASS] Mock token authenticated: email=joanna.c.ramsey.civ@mail.mil, sub=approver-user-joanna, roles=["marketplace-approver","marketplace:marketplace-approver"], path=/requests/viewAll, method=POST
[32minfo[39m:    [AUTH_BYPASS] Mock token detected, parsing payload
[33mwarn[39m:    [AUTH_BYPASS] Mock token authenticated: email=joanna.c.ramsey.civ@mail.mil, sub=approver-user-joanna, roles=["marketplace-approver","marketplace:marketplace-approver"], path=/requests/viewAll, method=POST
[32minfo[39m:    [AUTH_BYPASS] Mock token detected, parsing payload
[33mwarn[39m:    [AUTH_BYPASS] Mock token authenticated: email=bypass@local.dev, sub=bypass-user, roles=[], path=/requests/viewAll, method=POST
[32mhttp[39m:undefined[0mPOST /api/requests/viewAll [32m200[0m 43.849 ms - 1291[0m
[33mwarn[39m:    [DENY] bypass-user lacks marketplace-approver for POST /api/requests/viewAll
[33mwarn[39m:    [AUTHZ_ERROR] [UnauthorizedUserError] user=bypass-user, required_role=marketplace-approver, message=Adjudicator role required
[32mhttp[39m:undefined[0mPOST /api/requests/viewAll [33m403[0m 6.078 ms - 111[0m
[32mhttp[39m:undefined[0mPOST /api/requests/viewAll [32m200[0m 24.121 ms - 1291[0m
[32mhttp[39m:undefined[0mPOST /api/requests/viewAll [32m200[0m 108.639 ms - 1291[0m
[32minfo[39m:    [AUTH_BYPASS] Mock token detected, parsing payload
[33mwarn[39m:    [AUTH_BYPASS] Mock token authenticated: email=bypass@local.dev, sub=bypass-user, roles=[], path=/requests/viewAll, method=POST
[32minfo[39m:    [AUTH_BYPASS] Mock token detected, parsing payload
[33mwarn[39m:    [AUTH_BYPASS] Mock token authenticated: email=bypass@local.dev, sub=bypass-user, roles=[], path=/requests/viewAll, method=POST
[33mwarn[39m:    [DENY] bypass-user lacks marketplace-approver for POST /api/requests/viewAll
[33mwarn[39m:    [AUTHZ_ERROR] [UnauthorizedUserError] user=bypass-user, required_role=marketplace-approver, message=Adjudicator role required
[32mhttp[39m:undefined[0mPOST /api/requests/viewAll [33m403[0m 15.444 ms - 111[0m
[33mwarn[39m:    [DENY] bypass-user lacks marketplace-approver for POST /api/requests/viewAll
[33mwarn[39m:    [AUTHZ_ERROR] [UnauthorizedUserError] user=bypass-user, required_role=marketplace-approver, message=Adjudicator role required
[32mhttp[39m:undefined[0mPOST /api/requests/viewAll [33m403[0m 15.166 ms - 111[0m
[32minfo[39m:    [AUTH_BYPASS] Mock token detected, parsing payload
[33mwarn[39m:    [AUTH_BYPASS] Mock token authenticated: email=joanna.c.ramsey.civ@mail.mil, sub=approver-user-joanna, roles=["marketplace-approver","marketplace:marketplace-approver"], path=/requests/viewAll, method=POST
[32minfo[39m:    [AUTH_BYPASS] Mock token detected, parsing payload
[33mwarn[39m:    [AUTH_BYPASS] Mock token authenticated: email=joanna.c.ramsey.civ@mail.mil, sub=approver-user-joanna, roles=["marketplace-approver","marketplace:marketplace-approver"], path=/requests/viewAll, method=POST
[32minfo[39m:    [AUTH_BYPASS] Mock token detected, parsing payload
[33mwarn[39m:    [AUTH_BYPASS] Mock token authenticated: email=joanna.c.ramsey.civ@mail.mil, sub=approver-user-joanna, roles=["marketplace-approver","marketplace:marketplace-approver"], path=/requests/viewAll, method=POST
[32minfo[39m:    [AUTH_BYPASS] Mock token detected, parsing payload
[33mwarn[39m:    [AUTH_BYPASS] Mock token authenticated: email=bypass@local.dev, sub=bypass-user, roles=[], path=/requests/viewAll, method=POST
[32mhttp[39m:undefined[0mPOST /api/requests/viewAll [32m200[0m 72.477 ms - 1291[0m
[33mwarn[39m:    [DENY] bypass-user lacks marketplace-approver for POST /api/requests/viewAll
[33mwarn[39m:    [AUTHZ_ERROR] [UnauthorizedUserError] user=bypass-user, required_role=marketplace-approver, message=Adjudicator role required
[32mhttp[39m:undefined[0mPOST /api/requests/viewAll [33m403[0m 20.101 ms - 111[0m
[32mhttp[39m:undefined[0mPOST /api/requests/viewAll [32m200[0m 42.536 ms - 1291[0m
[32mhttp[39m:undefined[0mPOST /api/requests/viewAll [32m200[0m 81.580 ms - 1291[0m
[32minfo[39m:    [AUTH_BYPASS] Mock token detected, parsing payload
[33mwarn[39m:    [AUTH_BYPASS] Mock token authenticated: email=bypass@local.dev, sub=bypass-user, roles=[], path=/requests/viewAll, method=POST
[32minfo[39m:    [AUTH_BYPASS] Mock token detected, parsing payload
[33mwarn[39m:    [AUTH_BYPASS] Mock token authenticated: email=bypass@local.dev, sub=bypass-user, roles=[], path=/requests/viewAll, method=POST
[33mwarn[39m:    [DENY] bypass-user lacks marketplace-approver for POST /api/requests/viewAll
[33mwarn[39m:    [AUTHZ_ERROR] [UnauthorizedUserError] user=bypass-user, required_role=marketplace-approver, message=Adjudicator role required
[32mhttp[39m:undefined[0mPOST /api/requests/viewAll [33m403[0m 24.383 ms - 111[0m
[33mwarn[39m:    [DENY] bypass-user lacks marketplace-approver for POST /api/requests/viewAll
[33mwarn[39m:    [AUTHZ_ERROR] [UnauthorizedUserError] user=bypass-user, required_role=marketplace-approver, message=Adjudicator role required
[32mhttp[39m:undefined[0mPOST /api/requests/viewAll [33m403[0m 12.337 ms - 111[0m
[32minfo[39m:    [AUTH_BYPASS] Mock token detected, parsing payload
[33mwarn[39m:    [AUTH_BYPASS] Mock token authenticated: email=joanna.c.ramsey.civ@mail.mil, sub=approver-user-joanna, roles=["marketplace-approver","marketplace:marketplace-approver"], path=/requests/viewAll, method=POST
[32minfo[39m:    [AUTH_BYPASS] Mock token detected, parsing payload
[33mwarn[39m:    [AUTH_BYPASS] Mock token authenticated: email=joanna.c.ramsey.civ@mail.mil, sub=approver-user-joanna, roles=["marketplace-approver","marketplace:marketplace-approver"], path=/requests/viewAll, method=POST
[32minfo[39m:    [AUTH_BYPASS] Mock token detected, parsing payload
[33mwarn[39m:    [AUTH_BYPASS] Mock token authenticated: email=joanna.c.ramsey.civ@mail.mil, sub=approver-user-joanna, roles=["marketplace-approver","marketplace:marketplace-approver"], path=/requests/viewAll, method=POST
[32minfo[39m:    [AUTH_BYPASS] Mock token detected, parsing payload
[33mwarn[39m:    [AUTH_BYPASS] Mock token authenticated: email=bypass@local.dev, sub=bypass-user, roles=[], path=/requests/viewAll, method=POST
[33mwarn[39m:    [DENY] bypass-user lacks marketplace-approver for POST /api/requests/viewAll
[33mwarn[39m:    [AUTHZ_ERROR] [UnauthorizedUserError] user=bypass-user, required_role=marketplace-approver, message=Adjudicator role required
[32mhttp[39m:undefined[0mPOST /api/requests/viewAll [33m403[0m 53.583 ms - 111[0m
[32mhttp[39m:undefined[0mPOST /api/requests/viewAll [32m200[0m 69.915 ms - 1291[0m
[32mhttp[39m:undefined[0mPOST /api/requests/viewAll [32m200[0m 86.031 ms - 1291[0m
[32mhttp[39m:undefined[0mPOST /api/requests/viewAll [32m200[0m 77.334 ms - 1291[0m
[32minfo[39m:    [AUTH_BYPASS] Mock token detected, parsing payload
[33mwarn[39m:    [AUTH_BYPASS] Mock token authenticated: email=joanna.c.ramsey.civ@mail.mil, sub=approver-user-joanna, roles=["marketplace-approver","marketplace:marketplace-approver"], path=/requests/viewAll, method=POST
[32minfo[39m:    [AUTH_BYPASS] Mock token detected, parsing payload
[33mwarn[39m:    [AUTH_BYPASS] Mock token authenticated: email=joanna.c.ramsey.civ@mail.mil, sub=approver-user-joanna, roles=["marketplace-approver","marketplace:marketplace-approver"], path=/requests/viewAll, method=POST
[32mhttp[39m:undefined[0mPOST /api/requests/viewAll [32m200[0m 177.437 ms - 1291[0m
[32mhttp[39m:undefined[0mPOST /api/requests/viewAll [32m200[0m 167.432 ms - 1291[0m
[32minfo[39m:    [AUTH_BYPASS] Mock token detected, parsing payload
[33mwarn[39m:    [AUTH_BYPASS] Mock token authenticated: email=joanna.c.ramsey.civ@mail.mil, sub=approver-user-joanna, roles=["marketplace-approver","marketplace:marketplace-approver"], path=/requests/viewAll, method=POST
[32minfo[39m:    [AUTH_BYPASS] Mock token detected, parsing payload
[33mwarn[39m:    [AUTH_BYPASS] Mock token authenticated: email=joanna.c.ramsey.civ@mail.mil, sub=approver-user-joanna, roles=["marketplace-approver","marketplace:marketplace-approver"], path=/requests/viewAll, method=POST
[32mhttp[39m:undefined[0mPOST /api/requests/viewAll [32m200[0m 16.203 ms - 1291[0m
[32mhttp[39m:undefined[0mPOST /api/requests/viewAll [32m200[0m 14.494 ms - 1291[0m
[32minfo[39m:    [AUTH_BYPASS] Mock token detected, parsing payload
[33mwarn[39m:    [AUTH_BYPASS] Mock token authenticated: email=joanna.c.ramsey.civ@mail.mil, sub=approver-user-joanna, roles=["marketplace-approver","marketplace:marketplace-approver"], path=/requests/viewAll, method=POST
[32minfo[39m:    [AUTH_BYPASS] Mock token detected, parsing payload
[33mwarn[39m:    [AUTH_BYPASS] Mock token authenticated: email=joanna.c.ramsey.civ@mail.mil, sub=approver-user-joanna, roles=["marketplace-approver","marketplace:marketplace-approver"], path=/requests/viewAll, method=POST
[32mhttp[39m:undefined[0mPOST /api/requests/viewAll [32m200[0m 6.732 ms - 1291[0m
[32mhttp[39m:undefined[0mPOST /api/requests/viewAll [32m200[0m 5.908 ms - 1291[0m
[32minfo[39m:    [AUTH_BYPASS] Mock token detected, parsing payload
[33mwarn[39m:    [AUTH_BYPASS] Mock token authenticated: email=joanna.c.ramsey.civ@mail.mil, sub=approver-user-joanna, roles=["marketplace-approver","marketplace:marketplace-approver"], path=/requests/viewAll, method=POST
[32minfo[39m:    [AUTH_BYPASS] Mock token detected, parsing payload
[33mwarn[39m:    [AUTH_BYPASS] Mock token authenticated: email=joanna.c.ramsey.civ@mail.mil, sub=approver-user-joanna, roles=["marketplace-approver","marketplace:marketplace-approver"], path=/requests/viewAll, method=POST
[32mhttp[39m:undefined[0mPOST /api/requests/viewAll [32m200[0m 13.308 ms - 1291[0m
[32mhttp[39m:undefined[0mPOST /api/requests/viewAll [32m200[0m 16.078 ms - 1291[0m
[32minfo[39m:    [AUTH_BYPASS] Mock token detected, parsing payload
[33mwarn[39m:    [AUTH_BYPASS] Mock token authenticated: email=bypass@local.dev, sub=bypass-user, roles=[], path=/requests/viewAll, method=POST
[32minfo[39m:    [AUTH_BYPASS] Mock token detected, parsing payload
[33mwarn[39m:    [AUTH_BYPASS] Mock token authenticated: email=bypass@local.dev, sub=bypass-user, roles=[], path=/requests/viewAll, method=POST
[33mwarn[39m:    [DENY] bypass-user lacks marketplace-approver for POST /api/requests/viewAll
[33mwarn[39m:    [AUTHZ_ERROR] [UnauthorizedUserError] user=bypass-user, required_role=marketplace-approver, message=Adjudicator role required
[32mhttp[39m:undefined[0mPOST /api/requests/viewAll [33m403[0m 22.155 ms - 111[0m
[33mwarn[39m:    [DENY] bypass-user lacks marketplace-approver for POST /api/requests/viewAll
[33mwarn[39m:    [AUTHZ_ERROR] [UnauthorizedUserError] user=bypass-user, required_role=marketplace-approver, message=Adjudicator role required
[32mhttp[39m:undefined[0mPOST /api/requests/viewAll [33m403[0m 18.082 ms - 111[0m
[32minfo[39m:    [AUTH_BYPASS] Mock token detected, parsing payload
[33mwarn[39m:    [AUTH_BYPASS] Mock token authenticated: email=joanna.c.ramsey.civ@mail.mil, sub=approver-user-joanna, roles=["marketplace-approver","marketplace:marketplace-approver"], path=/requests/viewAll, method=POST
[32minfo[39m:    [AUTH_BYPASS] Mock token detected, parsing payload
[33mwarn[39m:    [AUTH_BYPASS] Mock token authenticated: email=joanna.c.ramsey.civ@mail.mil, sub=approver-user-joanna, roles=["marketplace-approver","marketplace:marketplace-approver"], path=/requests/viewAll, method=POST
[32minfo[39m:    [AUTH_BYPASS] Mock token detected, parsing payload
[33mwarn[39m:    [AUTH_BYPASS] Mock token authenticated: email=bypass@local.dev, sub=bypass-user, roles=[], path=/requests/viewAll, method=POST
[32minfo[39m:    [AUTH_BYPASS] Mock token detected, parsing payload
[33mwarn[39m:    [AUTH_BYPASS] Mock token authenticated: email=bypass@local.dev, sub=bypass-user, roles=[], path=/requests/viewAll, method=POST
[33mwarn[39m:    [DENY] bypass-user lacks marketplace-approver for POST /api/requests/viewAll
[33mwarn[39m:    [DENY] bypass-user lacks marketplace-approver for POST /api/requests/viewAll
[33mwarn[39m:    [AUTHZ_ERROR] [UnauthorizedUserError] user=bypass-user, required_role=marketplace-approver, message=Adjudicator role required
[32mhttp[39m:undefined[0mPOST /api/requests/viewAll [33m403[0m 7.853 ms - 111[0m
[33mwarn[39m:    [AUTHZ_ERROR] [UnauthorizedUserError] user=bypass-user, required_role=marketplace-approver, message=Adjudicator role required
[32mhttp[39m:undefined[0mPOST /api/requests/viewAll [33m403[0m 9.308 ms - 111[0m
[32mhttp[39m:undefined[0mPOST /api/requests/viewAll [32m200[0m 17.929 ms - 1291[0m
[32mhttp[39m:undefined[0mPOST /api/requests/viewAll [32m200[0m 22.580 ms - 1291[0m
[32minfo[39m:    [AUTH_BYPASS] Mock token detected, parsing payload
[33mwarn[39m:    [AUTH_BYPASS] Mock token authenticated: email=bypass@local.dev, sub=bypass-user, roles=[], path=/requests/viewAll, method=POST
[32minfo[39m:    [AUTH_BYPASS] Mock token detected, parsing payload
[33mwarn[39m:    [AUTH_BYPASS] Mock token authenticated: email=bypass@local.dev, sub=bypass-user, roles=[], path=/requests/viewAll, method=POST
[33mwarn[39m:    [DENY] bypass-user lacks marketplace-approver for POST /api/requests/viewAll
[33mwarn[39m:    [AUTHZ_ERROR] [UnauthorizedUserError] user=bypass-user, required_role=marketplace-approver, message=Adjudicator role required
[32mhttp[39m:undefined[0mPOST /api/requests/viewAll [33m403[0m 13.651 ms - 111[0m
[33mwarn[39m:    [DENY] bypass-user lacks marketplace-approver for POST /api/requests/viewAll
[33mwarn[39m:    [AUTHZ_ERROR] [UnauthorizedUserError] user=bypass-user, required_role=marketplace-approver, message=Adjudicator role required
[32mhttp[39m:undefined[0mPOST /api/requests/viewAll [33m403[0m 22.139 ms - 111[0m
[32minfo[39m:    [AUTH_BYPASS] Mock token detected, parsing payload
[33mwarn[39m:    [AUTH_BYPASS] Mock token authenticated: email=joanna.c.ramsey.civ@mail.mil, sub=approver-user-joanna, roles=["marketplace-approver","marketplace:marketplace-approver"], path=/requests/viewAll, method=POST
[32minfo[39m:    [AUTH_BYPASS] Mock token detected, parsing payload
[33mwarn[39m:    [AUTH_BYPASS] Mock token authenticated: email=joanna.c.ramsey.civ@mail.mil, sub=approver-user-joanna, roles=["marketplace-approver","marketplace:marketplace-approver"], path=/requests/viewAll, method=POST
[32minfo[39m:    [AUTH_BYPASS] Mock token detected, parsing payload
[33mwarn[39m:    [AUTH_BYPASS] Mock token authenticated: email=bypass@local.dev, sub=bypass-user, roles=[], path=/requests/viewAll, method=POST
[32minfo[39m:    [AUTH_BYPASS] Mock token detected, parsing payload
[33mwarn[39m:    [AUTH_BYPASS] Mock token authenticated: email=bypass@local.dev, sub=bypass-user, roles=[], path=/requests/viewAll, method=POST
[33mwarn[39m:    [DENY] bypass-user lacks marketplace-approver for POST /api/requests/viewAll
[33mwarn[39m:    [AUTHZ_ERROR] [UnauthorizedUserError] user=bypass-user, required_role=marketplace-approver, message=Adjudicator role required
[32mhttp[39m:undefined[0mPOST /api/requests/viewAll [33m403[0m 8.970 ms - 111[0m
[33mwarn[39m:    [DENY] bypass-user lacks marketplace-approver for POST /api/requests/viewAll
[33mwarn[39m:    [AUTHZ_ERROR] [UnauthorizedUserError] user=bypass-user, required_role=marketplace-approver, message=Adjudicator role required
[32mhttp[39m:undefined[0mPOST /api/requests/viewAll [33m403[0m 9.832 ms - 111[0m
[32mhttp[39m:undefined[0mPOST /api/requests/viewAll [32m200[0m 21.642 ms - 1291[0m
[32mhttp[39m:undefined[0mPOST /api/requests/viewAll [32m200[0m 18.894 ms - 1291[0m
[32minfo[39m:    [AUTH_BYPASS] Mock token detected, parsing payload
[33mwarn[39m:    [AUTH_BYPASS] Mock token authenticated: email=bypass@local.dev, sub=bypass-user, roles=[], path=/requests/viewAll, method=POST
[32minfo[39m:    [AUTH_BYPASS] Mock token detected, parsing payload
[33mwarn[39m:    [AUTH_BYPASS] Mock token authenticated: email=bypass@local.dev, sub=bypass-user, roles=[], path=/requests/viewAll, method=POST
[33mwarn[39m:    [DENY] bypass-user lacks marketplace-approver for POST /api/requests/viewAll
[33mwarn[39m:    [AUTHZ_ERROR] [UnauthorizedUserError] user=bypass-user, required_role=marketplace-approver, message=Adjudicator role required
[32mhttp[39m:undefined[0mPOST /api/requests/viewAll [33m403[0m 40.600 ms - 111[0m
[33mwarn[39m:    [DENY] bypass-user lacks marketplace-approver for POST /api/requests/viewAll
[33mwarn[39m:    [AUTHZ_ERROR] [UnauthorizedUserError] user=bypass-user, required_role=marketplace-approver, message=Adjudicator role required
[32mhttp[39m:undefined[0mPOST /api/requests/viewAll [33m403[0m 36.886 ms - 111[0m
[32minfo[39m:    [AUTH_BYPASS] Mock token detected, parsing payload
[33mwarn[39m:    [AUTH_BYPASS] Mock token authenticated: email=joanna.c.ramsey.civ@mail.mil, sub=approver-user-joanna, roles=["marketplace-approver","marketplace:marketplace-approver"], path=/requests/viewAll, method=POST
[32minfo[39m:    [AUTH_BYPASS] Mock token detected, parsing payload
[33mwarn[39m:    [AUTH_BYPASS] Mock token authenticated: email=joanna.c.ramsey.civ@mail.mil, sub=approver-user-joanna, roles=["marketplace-approver","marketplace:marketplace-approver"], path=/requests/viewAll, method=POST
[32minfo[39m:    [AUTH_BYPASS] Mock token detected, parsing payload
[33mwarn[39m:    [AUTH_BYPASS] Mock token authenticated: email=bypass@local.dev, sub=bypass-user, roles=[], path=/requests/viewAll, method=POST
[33mwarn[39m:    [DENY] bypass-user lacks marketplace-approver for POST /api/requests/viewAll
[32minfo[39m:    [AUTH_BYPASS] Mock token detected, parsing payload
[33mwarn[39m:    [AUTH_BYPASS] Mock token authenticated: email=bypass@local.dev, sub=bypass-user, roles=[], path=/requests/viewAll, method=POST
[33mwarn[39m:    [AUTHZ_ERROR] [UnauthorizedUserError] user=bypass-user, required_role=marketplace-approver, message=Adjudicator role required
[32mhttp[39m:undefined[0mPOST /api/requests/viewAll [33m403[0m 3.618 ms - 111[0m
[33mwarn[39m:    [DENY] bypass-user lacks marketplace-approver for POST /api/requests/viewAll
[33mwarn[39m:    [AUTHZ_ERROR] [UnauthorizedUserError] user=bypass-user, required_role=marketplace-approver, message=Adjudicator role required
[32mhttp[39m:undefined[0mPOST /api/requests/viewAll [33m403[0m 3.975 ms - 111[0m
[32mhttp[39m:undefined[0mPOST /api/requests/viewAll [32m200[0m 12.239 ms - 1291[0m
[32mhttp[39m:undefined[0mPOST /api/requests/viewAll [32m200[0m 15.629 ms - 1291[0m
[32minfo[39m:    [AUTH_BYPASS] Mock token detected, parsing payload
[33mwarn[39m:    [AUTH_BYPASS] Mock token authenticated: email=bypass@local.dev, sub=bypass-user, roles=[], path=/requests/viewAll, method=POST
[32minfo[39m:    [AUTH_BYPASS] Mock token detected, parsing payload
[33mwarn[39m:    [AUTH_BYPASS] Mock token authenticated: email=bypass@local.dev, sub=bypass-user, roles=[], path=/requests/viewAll, method=POST
[33mwarn[39m:    [DENY] bypass-user lacks marketplace-approver for POST /api/requests/viewAll
[33mwarn[39m:    [AUTHZ_ERROR] [UnauthorizedUserError] user=bypass-user, required_role=marketplace-approver, message=Adjudicator role required
[32mhttp[39m:undefined[0mPOST /api/requests/viewAll [33m403[0m 11.731 ms - 111[0m
[33mwarn[39m:    [DENY] bypass-user lacks marketplace-approver for POST /api/requests/viewAll
[33mwarn[39m:    [AUTHZ_ERROR] [UnauthorizedUserError] user=bypass-user, required_role=marketplace-approver, message=Adjudicator role required
[32mhttp[39m:undefined[0mPOST /api/requests/viewAll [33m403[0m 27.349 ms - 111[0m
[32minfo[39m:    [AUTH_BYPASS] Mock token detected, parsing payload
[33mwarn[39m:    [AUTH_BYPASS] Mock token authenticated: email=joanna.c.ramsey.civ@mail.mil, sub=approver-user-joanna, roles=["marketplace-approver","marketplace:marketplace-approver"], path=/requests/viewAll, method=POST
[32minfo[39m:    [AUTH_BYPASS] Mock token detected, parsing payload
[33mwarn[39m:    [AUTH_BYPASS] Mock token authenticated: email=joanna.c.ramsey.civ@mail.mil, sub=approver-user-joanna, roles=["marketplace-approver","marketplace:marketplace-approver"], path=/requests/viewAll, method=POST
[32minfo[39m:    [AUTH_BYPASS] Mock token detected, parsing payload
[33mwarn[39m:    [AUTH_BYPASS] Mock token authenticated: email=bypass@local.dev, sub=bypass-user, roles=[], path=/requests/viewAll, method=POST
[32minfo[39m:    [AUTH_BYPASS] Mock token detected, parsing payload
[33mwarn[39m:    [AUTH_BYPASS] Mock token authenticated: email=bypass@local.dev, sub=bypass-user, roles=[], path=/requests/viewAll, method=POST
[33mwarn[39m:    [DENY] bypass-user lacks marketplace-approver for POST /api/requests/viewAll
[33mwarn[39m:    [AUTHZ_ERROR] [UnauthorizedUserError] user=bypass-user, required_role=marketplace-approver, message=Adjudicator role required
[32mhttp[39m:undefined[0mPOST /api/requests/viewAll [33m403[0m 37.856 ms - 111[0m
[33mwarn[39m:    [DENY] bypass-user lacks marketplace-approver for POST /api/requests/viewAll
[33mwarn[39m:    [AUTHZ_ERROR] [UnauthorizedUserError] user=bypass-user, required_role=marketplace-approver, message=Adjudicator role required
[32mhttp[39m:undefined[0mPOST /api/requests/viewAll [33m403[0m 41.996 ms - 111[0m
[32mhttp[39m:undefined[0mPOST /api/requests/viewAll [32m200[0m 52.437 ms - 1291[0m
[32mhttp[39m:undefined[0mPOST /api/requests/viewAll [32m200[0m 59.633 ms - 1291[0m
[32minfo[39m:    [AUTH_BYPASS] Mock token detected, parsing payload
[33mwarn[39m:    [AUTH_BYPASS] Mock token authenticated: email=bypass@local.dev, sub=bypass-user, roles=[], path=/requests/viewAll, method=POST
[32minfo[39m:    [AUTH_BYPASS] Mock token detected, parsing payload
[33mwarn[39m:    [AUTH_BYPASS] Mock token authenticated: email=bypass@local.dev, sub=bypass-user, roles=[], path=/requests/viewAll, method=POST
[33mwarn[39m:    [DENY] bypass-user lacks marketplace-approver for POST /api/requests/viewAll
[33mwarn[39m:    [AUTHZ_ERROR] [UnauthorizedUserError] user=bypass-user, required_role=marketplace-approver, message=Adjudicator role required
[32mhttp[39m:undefined[0mPOST /api/requests/viewAll [33m403[0m 1.517 ms - 111[0m
[33mwarn[39m:    [DENY] bypass-user lacks marketplace-approver for POST /api/requests/viewAll
[33mwarn[39m:    [AUTHZ_ERROR] [UnauthorizedUserError] user=bypass-user, required_role=marketplace-approver, message=Adjudicator role required
[32mhttp[39m:undefined[0mPOST /api/requests/viewAll [33m403[0m 1.767 ms - 111[0m
[32minfo[39m:    [AUTH_BYPASS] Mock token detected, parsing payload
[33mwarn[39m:    [AUTH_BYPASS] Mock token authenticated: email=joanna.c.ramsey.civ@mail.mil, sub=approver-user-joanna, roles=["marketplace-approver","marketplace:marketplace-approver"], path=/requests/viewAll, method=POST
[32minfo[39m:    [AUTH_BYPASS] Mock token detected, parsing payload
[33mwarn[39m:    [AUTH_BYPASS] Mock token authenticated: email=joanna.c.ramsey.civ@mail.mil, sub=approver-user-joanna, roles=["marketplace-approver","marketplace:marketplace-approver"], path=/requests/viewAll, method=POST
[32minfo[39m:    [AUTH_BYPASS] Mock token detected, parsing payload
[33mwarn[39m:    [AUTH_BYPASS] Mock token authenticated: email=bypass@local.dev, sub=bypass-user, roles=[], path=/requests/viewAll, method=POST
[33mwarn[39m:    [DENY] bypass-user lacks marketplace-approver for POST /api/requests/viewAll
[32minfo[39m:    [AUTH_BYPASS] Mock token detected, parsing payload
[33mwarn[39m:    [AUTH_BYPASS] Mock token authenticated: email=bypass@local.dev, sub=bypass-user, roles=[], path=/requests/viewAll, method=POST
[33mwarn[39m:    [AUTHZ_ERROR] [UnauthorizedUserError] user=bypass-user, required_role=marketplace-approver, message=Adjudicator role required
[32mhttp[39m:undefined[0mPOST /api/requests/viewAll [33m403[0m 1.406 ms - 111[0m
[33mwarn[39m:    [DENY] bypass-user lacks marketplace-approver for POST /api/requests/viewAll
[33mwarn[39m:    [AUTHZ_ERROR] [UnauthorizedUserError] user=bypass-user, required_role=marketplace-approver, message=Adjudicator role required
[32mhttp[39m:undefined[0mPOST /api/requests/viewAll [33m403[0m 3.670 ms - 111[0m
[32mhttp[39m:undefined[0mPOST /api/requests/viewAll [32m200[0m 9.582 ms - 1291[0m
[32mhttp[39m:undefined[0mPOST /api/requests/viewAll [32m200[0m 8.851 ms - 1291[0m
[32minfo[39m:    [AUTH_BYPASS] Mock token detected, parsing payload
[33mwarn[39m:    [AUTH_BYPASS] Mock token authenticated: email=vinoth.jagannathan.civ@mail.mil, sub=requestor-user-vinoth, roles=["marketplace-requestor","marketplace:marketplace-requestor"], path=/requests/viewForRequestor, method=POST
[32mhttp[39m:undefined[0mPOST /api/requests/viewForRequestor [0m-[0m - ms - -[0m
[32minfo[39m:    [AUTH_BYPASS] Mock token detected, parsing payload
[33mwarn[39m:    [AUTH_BYPASS] Mock token authenticated: email=vinoth.jagannathan.civ@mail.mil, sub=requestor-user-vinoth, roles=["marketplace-requestor","marketplace:marketplace-requestor"], path=/requests/viewForRequestor, method=POST
[32minfo[39m:    [AUTH_BYPASS] Mock token detected, parsing payload
[33mwarn[39m:    [AUTH_BYPASS] Mock token authenticated: email=bypass@local.dev, sub=bypass-user, roles=[], path=/requests/viewForRequestor, method=POST
[33mwarn[39m:    [DENY] bypass-user lacks marketplace-requestor for POST /api/requests/viewForRequestor
[33mwarn[39m:    [AUTHZ_ERROR] [UnauthorizedUserError] user=bypass-user, required_role=marketplace-requestor, message=Requestor role required
[32mhttp[39m:undefined[0mPOST /api/requests/viewForRequestor [33m403[0m 2.208 ms - 109[0m
[32mhttp[39m:undefined[0mPOST /api/requests/viewForRequestor [32m200[0m 7.646 ms - 862[0m
[32minfo[39m:    [AUTH_BYPASS] Mock token detected, parsing payload
[33mwarn[39m:    [AUTH_BYPASS] Mock token authenticated: email=bypass@local.dev, sub=bypass-user, roles=[], path=/requests/viewForRequestor, method=POST
[32minfo[39m:    [AUTH_BYPASS] Mock token detected, parsing payload
[33mwarn[39m:    [AUTH_BYPASS] Mock token authenticated: email=bypass@local.dev, sub=bypass-user, roles=[], path=/requests/viewForRequestor, method=POST
[33mwarn[39m:    [DENY] bypass-user lacks marketplace-requestor for POST /api/requests/viewForRequestor
[33mwarn[39m:    [AUTHZ_ERROR] [UnauthorizedUserError] user=bypass-user, required_role=marketplace-requestor, message=Requestor role required
[32mhttp[39m:undefined[0mPOST /api/requests/viewForRequestor [33m403[0m 4.362 ms - 109[0m
[33mwarn[39m:    [DENY] bypass-user lacks marketplace-requestor for POST /api/requests/viewForRequestor
[33mwarn[39m:    [AUTHZ_ERROR] [UnauthorizedUserError] user=bypass-user, required_role=marketplace-requestor, message=Requestor role required
[32mhttp[39m:undefined[0mPOST /api/requests/viewForRequestor [33m403[0m 3.483 ms - 109[0m
[32minfo[39m:    [AUTH_BYPASS] Mock token detected, parsing payload
[33mwarn[39m:    [AUTH_BYPASS] Mock token authenticated: email=vinoth.jagannathan.civ@mail.mil, sub=requestor-user-vinoth, roles=["marketplace-requestor","marketplace:marketplace-requestor"], path=/requests/viewForRequestor, method=POST
[32minfo[39m:    [AUTH_BYPASS] Mock token detected, parsing payload
[33mwarn[39m:    [AUTH_BYPASS] Mock token authenticated: email=vinoth.jagannathan.civ@mail.mil, sub=requestor-user-vinoth, roles=["marketplace-requestor","marketplace:marketplace-requestor"], path=/requests/viewForRequestor, method=POST
[32minfo[39m:    [AUTH_BYPASS] Mock token detected, parsing payload
[33mwarn[39m:    [AUTH_BYPASS] Mock token authenticated: email=bypass@local.dev, sub=bypass-user, roles=[], path=/requests/viewForRequestor, method=POST
[33mwarn[39m:    [DENY] bypass-user lacks marketplace-requestor for POST /api/requests/viewForRequestor
[32minfo[39m:    [AUTH_BYPASS] Mock token detected, parsing payload
[33mwarn[39m:    [AUTH_BYPASS] Mock token authenticated: email=bypass@local.dev, sub=bypass-user, roles=[], path=/requests/viewForRequestor, method=POST
[33mwarn[39m:    [AUTHZ_ERROR] [UnauthorizedUserError] user=bypass-user, required_role=marketplace-requestor, message=Requestor role required
[32mhttp[39m:undefined[0mPOST /api/requests/viewForRequestor [33m403[0m 1.853 ms - 109[0m
[33mwarn[39m:    [DENY] bypass-user lacks marketplace-requestor for POST /api/requests/viewForRequestor
[33mwarn[39m:    [AUTHZ_ERROR] [UnauthorizedUserError] user=bypass-user, required_role=marketplace-requestor, message=Requestor role required
[32mhttp[39m:undefined[0mPOST /api/requests/viewForRequestor [33m403[0m 4.093 ms - 109[0m
[32mhttp[39m:undefined[0mPOST /api/requests/viewForRequestor [32m200[0m 10.706 ms - 862[0m
[32mhttp[39m:undefined[0mPOST /api/requests/viewForRequestor [32m200[0m 11.139 ms - 862[0m
[32minfo[39m:    [AUTH_BYPASS] Mock token detected, parsing payload
[33mwarn[39m:    [AUTH_BYPASS] Mock token authenticated: email=vinoth.jagannathan.civ@mail.mil, sub=requestor-user-vinoth, roles=["marketplace-requestor","marketplace:marketplace-requestor"], path=/requests/viewForRequestor, method=POST
[32minfo[39m:    [AUTH_BYPASS] Mock token detected, parsing payload
[33mwarn[39m:    [AUTH_BYPASS] Mock token authenticated: email=bypass@local.dev, sub=bypass-user, roles=[], path=/requests/viewForRequestor, method=POST
[33mwarn[39m:    [DENY] bypass-user lacks marketplace-requestor for POST /api/requests/viewForRequestor
[33mwarn[39m:    [AUTHZ_ERROR] [UnauthorizedUserError] user=bypass-user, required_role=marketplace-requestor, message=Requestor role required
[32mhttp[39m:undefined[0mPOST /api/requests/viewForRequestor [33m403[0m 33.658 ms - 109[0m
[32mhttp[39m:undefined[0mPOST /api/requests/viewForRequestor [32m200[0m 92.794 ms - 862[0m
[32minfo[39m:    [AUTH_BYPASS] Mock token detected, parsing payload
[33mwarn[39m:    [AUTH_BYPASS] Mock token authenticated: email=bypass@local.dev, sub=bypass-user, roles=[], path=/requests/viewForRequestor, method=POST
[32minfo[39m:    [AUTH_BYPASS] Mock token detected, parsing payload
[33mwarn[39m:    [AUTH_BYPASS] Mock token authenticated: email=bypass@local.dev, sub=bypass-user, roles=[], path=/requests/viewForRequestor, method=POST
[33mwarn[39m:    [DENY] bypass-user lacks marketplace-requestor for POST /api/requests/viewForRequestor
[33mwarn[39m:    [AUTHZ_ERROR] [UnauthorizedUserError] user=bypass-user, required_role=marketplace-requestor, message=Requestor role required
[32mhttp[39m:undefined[0mPOST /api/requests/viewForRequestor [33m403[0m 2.201 ms - 109[0m
[33mwarn[39m:    [DENY] bypass-user lacks marketplace-requestor for POST /api/requests/viewForRequestor
[33mwarn[39m:    [AUTHZ_ERROR] [UnauthorizedUserError] user=bypass-user, required_role=marketplace-requestor, message=Requestor role required
[32mhttp[39m:undefined[0mPOST /api/requests/viewForRequestor [33m403[0m 1.201 ms - 109[0m
[32minfo[39m:    [AUTH_BYPASS] Mock token detected, parsing payload
[33mwarn[39m:    [AUTH_BYPASS] Mock token authenticated: email=vinoth.jagannathan.civ@mail.mil, sub=requestor-user-vinoth, roles=["marketplace-requestor","marketplace:marketplace-requestor"], path=/requests/viewForRequestor, method=POST
[32minfo[39m:    [AUTH_BYPASS] Mock token detected, parsing payload
[33mwarn[39m:    [AUTH_BYPASS] Mock token authenticated: email=vinoth.jagannathan.civ@mail.mil, sub=requestor-user-vinoth, roles=["marketplace-requestor","marketplace:marketplace-requestor"], path=/requests/viewForRequestor, method=POST
[32minfo[39m:    [AUTH_BYPASS] Mock token detected, parsing payload
[33mwarn[39m:    [AUTH_BYPASS] Mock token authenticated: email=bypass@local.dev, sub=bypass-user, roles=[], path=/requests/viewForRequestor, method=POST
[33mwarn[39m:    [DENY] bypass-user lacks marketplace-requestor for POST /api/requests/viewForRequestor
[32minfo[39m:    [AUTH_BYPASS] Mock token detected, parsing payload
[33mwarn[39m:    [AUTH_BYPASS] Mock token authenticated: email=bypass@local.dev, sub=bypass-user, roles=[], path=/requests/viewForRequestor, method=POST
[33mwarn[39m:    [AUTHZ_ERROR] [UnauthorizedUserError] user=bypass-user, required_role=marketplace-requestor, message=Requestor role required
[32mhttp[39m:undefined[0mPOST /api/requests/viewForRequestor [33m403[0m 3.232 ms - 109[0m
[33mwarn[39m:    [DENY] bypass-user lacks marketplace-requestor for POST /api/requests/viewForRequestor
[33mwarn[39m:    [AUTHZ_ERROR] [UnauthorizedUserError] user=bypass-user, required_role=marketplace-requestor, message=Requestor role required
[32mhttp[39m:undefined[0mPOST /api/requests/viewForRequestor [33m403[0m 3.768 ms - 109[0m
[32mhttp[39m:undefined[0mPOST /api/requests/viewForRequestor [32m200[0m 12.065 ms - 862[0m
[32mhttp[39m:undefined[0mPOST /api/requests/viewForRequestor [32m200[0m 14.026 ms - 862[0m
[32minfo[39m:    [AUTH_BYPASS] Mock token detected, parsing payload
[33mwarn[39m:    [AUTH_BYPASS] Mock token authenticated: email=bypass@local.dev, sub=bypass-user, roles=[], path=/requests/viewForRequestor, method=POST
[32minfo[39m:    [AUTH_BYPASS] Mock token detected, parsing payload
[33mwarn[39m:    [AUTH_BYPASS] Mock token authenticated: email=bypass@local.dev, sub=bypass-user, roles=[], path=/requests/viewForRequestor, method=POST
[33mwarn[39m:    [DENY] bypass-user lacks marketplace-requestor for POST /api/requests/viewForRequestor
[33mwarn[39m:    [AUTHZ_ERROR] [UnauthorizedUserError] user=bypass-user, required_role=marketplace-requestor, message=Requestor role required
[32mhttp[39m:undefined[0mPOST /api/requests/viewForRequestor [33m403[0m 37.115 ms - 109[0m
[33mwarn[39m:    [DENY] bypass-user lacks marketplace-requestor for POST /api/requests/viewForRequestor
[33mwarn[39m:    [AUTHZ_ERROR] [UnauthorizedUserError] user=bypass-user, required_role=marketplace-requestor, message=Requestor role required
[32mhttp[39m:undefined[0mPOST /api/requests/viewForRequestor [33m403[0m 28.878 ms - 109[0m
[32minfo[39m:    [AUTH_BYPASS] Mock token detected, parsing payload
[33mwarn[39m:    [AUTH_BYPASS] Mock token authenticated: email=vinoth.jagannathan.civ@mail.mil, sub=requestor-user-vinoth, roles=["marketplace-requestor","marketplace:marketplace-requestor"], path=/requests/viewForRequestor, method=POST
[32minfo[39m:    [AUTH_BYPASS] Mock token detected, parsing payload
[33mwarn[39m:    [AUTH_BYPASS] Mock token authenticated: email=vinoth.jagannathan.civ@mail.mil, sub=requestor-user-vinoth, roles=["marketplace-requestor","marketplace:marketplace-requestor"], path=/requests/viewForRequestor, method=POST
[32minfo[39m:    [AUTH_BYPASS] Mock token detected, parsing payload
[33mwarn[39m:    [AUTH_BYPASS] Mock token authenticated: email=bypass@local.dev, sub=bypass-user, roles=[], path=/requests/viewForRequestor, method=POST
[33mwarn[39m:    [DENY] bypass-user lacks marketplace-requestor for POST /api/requests/viewForRequestor
[32minfo[39m:    [AUTH_BYPASS] Mock token detected, parsing payload
[33mwarn[39m:    [AUTH_BYPASS] Mock token authenticated: email=bypass@local.dev, sub=bypass-user, roles=[], path=/requests/viewForRequestor, method=POST
[33mwarn[39m:    [AUTHZ_ERROR] [UnauthorizedUserError] user=bypass-user, required_role=marketplace-requestor, message=Requestor role required
[32mhttp[39m:undefined[0mPOST /api/requests/viewForRequestor [33m403[0m 2.006 ms - 109[0m
[33mwarn[39m:    [DENY] bypass-user lacks marketplace-requestor for POST /api/requests/viewForRequestor
[33mwarn[39m:    [AUTHZ_ERROR] [UnauthorizedUserError] user=bypass-user, required_role=marketplace-requestor, message=Requestor role required
[32mhttp[39m:undefined[0mPOST /api/requests/viewForRequestor [33m403[0m 2.662 ms - 109[0m
[32mhttp[39m:undefined[0mPOST /api/requests/viewForRequestor [32m200[0m 44.074 ms - 862[0m
[32mhttp[39m:undefined[0mPOST /api/requests/viewForRequestor [32m200[0m 44.115 ms - 862[0m
[32minfo[39m:    [AUTH_BYPASS] Mock token detected, parsing payload
[33mwarn[39m:    [AUTH_BYPASS] Mock token authenticated: email=bypass@local.dev, sub=bypass-user, roles=[], path=/requests/viewForRequestor, method=POST
[32minfo[39m:    [AUTH_BYPASS] Mock token detected, parsing payload
[33mwarn[39m:    [AUTH_BYPASS] Mock token authenticated: email=bypass@local.dev, sub=bypass-user, roles=[], path=/requests/viewForRequestor, method=POST
[33mwarn[39m:    [DENY] bypass-user lacks marketplace-requestor for POST /api/requests/viewForRequestor
[33mwarn[39m:    [AUTHZ_ERROR] [UnauthorizedUserError] user=bypass-user, required_role=marketplace-requestor, message=Requestor role required
[32mhttp[39m:undefined[0mPOST /api/requests/viewForRequestor [33m403[0m 17.806 ms - 109[0m
[33mwarn[39m:    [DENY] bypass-user lacks marketplace-requestor for POST /api/requests/viewForRequestor
[33mwarn[39m:    [AUTHZ_ERROR] [UnauthorizedUserError] user=bypass-user, required_role=marketplace-requestor, message=Requestor role required
[32mhttp[39m:undefined[0mPOST /api/requests/viewForRequestor [33m403[0m 12.964 ms - 109[0m
[32minfo[39m:    [AUTH_BYPASS] Mock token detected, parsing payload
[33mwarn[39m:    [AUTH_BYPASS] Mock token authenticated: email=vinoth.jagannathan.civ@mail.mil, sub=requestor-user-vinoth, roles=["marketplace-requestor","marketplace:marketplace-requestor"], path=/requests/viewForRequestor, method=POST
[32minfo[39m:    [AUTH_BYPASS] Mock token detected, parsing payload
[33mwarn[39m:    [AUTH_BYPASS] Mock token authenticated: email=vinoth.jagannathan.civ@mail.mil, sub=requestor-user-vinoth, roles=["marketplace-requestor","marketplace:marketplace-requestor"], path=/requests/viewForRequestor, method=POST
[32minfo[39m:    [AUTH_BYPASS] Mock token detected, parsing payload
[33mwarn[39m:    [AUTH_BYPASS] Mock token authenticated: email=bypass@local.dev, sub=bypass-user, roles=[], path=/requests/viewForRequestor, method=POST
[32minfo[39m:    [AUTH_BYPASS] Mock token detected, parsing payload
[33mwarn[39m:    [AUTH_BYPASS] Mock token authenticated: email=bypass@local.dev, sub=bypass-user, roles=[], path=/requests/viewForRequestor, method=POST
[33mwarn[39m:    [DENY] bypass-user lacks marketplace-requestor for POST /api/requests/viewForRequestor
[33mwarn[39m:    [AUTHZ_ERROR] [UnauthorizedUserError] user=bypass-user, required_role=marketplace-requestor, message=Requestor role required
[32mhttp[39m:undefined[0mPOST /api/requests/viewForRequestor [33m403[0m 15.137 ms - 109[0m
[33mwarn[39m:    [DENY] bypass-user lacks marketplace-requestor for POST /api/requests/viewForRequestor
[33mwarn[39m:    [AUTHZ_ERROR] [UnauthorizedUserError] user=bypass-user, required_role=marketplace-requestor, message=Requestor role required
[32mhttp[39m:undefined[0mPOST /api/requests/viewForRequestor [33m403[0m 15.707 ms - 109[0m
[32mhttp[39m:undefined[0mPOST /api/requests/viewForRequestor [32m200[0m 97.306 ms - 862[0m
[32mhttp[39m:undefined[0mPOST /api/requests/viewForRequestor [32m200[0m 92.878 ms - 862[0m
[32minfo[39m:    [AUTH_BYPASS] Mock token detected, parsing payload
[33mwarn[39m:    [AUTH_BYPASS] Mock token authenticated: email=bypass@local.dev, sub=bypass-user, roles=[], path=/requests/viewForRequestNumber, method=POST
[32minfo[39m:    [AUTH_BYPASS] Mock token detected, parsing payload
[33mwarn[39m:    [AUTH_BYPASS] Mock token authenticated: email=bypass@local.dev, sub=bypass-user, roles=[], path=/requests/viewForRequestNumber, method=POST
[33mwarn[39m:    [DENY] bypass-user lacks required role(s) for POST /api/requests/viewForRequestNumber
[33mwarn[39m:    [AUTHZ_ERROR] [UnauthorizedUserError] user=bypass-user, required_role=marketplace-approver or marketplace-requestor, message=Adjudicator or requestor role required
[32mhttp[39m:undefined[0mPOST /api/requests/viewForRequestNumber [33m403[0m 28.478 ms - 124[0m
[33mwarn[39m:    [DENY] bypass-user lacks required role(s) for POST /api/requests/viewForRequestNumber
[33mwarn[39m:    [AUTHZ_ERROR] [UnauthorizedUserError] user=bypass-user, required_role=marketplace-approver or marketplace-requestor, message=Adjudicator or requestor role required
[32mhttp[39m:undefined[0mPOST /api/requests/viewForRequestNumber [33m403[0m 25.542 ms - 124[0m
[32minfo[39m:    [AUTH_BYPASS] Mock token detected, parsing payload
[33mwarn[39m:    [AUTH_BYPASS] Mock token authenticated: email=vinoth.jagannathan.civ@mail.mil, sub=requestor-user-vinoth, roles=["marketplace-requestor","marketplace:marketplace-requestor"], path=/requests/viewForRequestNumber, method=POST
[32minfo[39m:    [AUTH_BYPASS] Mock token detected, parsing payload
[33mwarn[39m:    [AUTH_BYPASS] Mock token authenticated: email=bypass@local.dev, sub=bypass-user, roles=[], path=/requests/viewForRequestNumber, method=POST
[33mwarn[39m:    [DENY] bypass-user lacks required role(s) for POST /api/requests/viewForRequestNumber
[32minfo[39m:    [AUTH_BYPASS] Mock token detected, parsing payload
[33mwarn[39m:    [AUTH_BYPASS] Mock token authenticated: email=bypass@local.dev, sub=bypass-user, roles=[], path=/requests/viewForRequestor, method=POST
[32minfo[39m:    [AUTH_BYPASS] Mock token detected, parsing payload
[33mwarn[39m:    [AUTH_BYPASS] Mock token authenticated: email=vinoth.jagannathan.civ@mail.mil, sub=requestor-user-vinoth, roles=["marketplace-requestor","marketplace:marketplace-requestor"], path=/requests/viewForRequestor, method=POST
[33mwarn[39m:    [AUTHZ_ERROR] [UnauthorizedUserError] user=bypass-user, required_role=marketplace-approver or marketplace-requestor, message=Adjudicator or requestor role required
[32mhttp[39m:undefined[0mPOST /api/requests/viewForRequestNumber [33m403[0m 2.934 ms - 124[0m
[33mwarn[39m:    [DENY] bypass-user lacks marketplace-requestor for POST /api/requests/viewForRequestor
[33mwarn[39m:    [AUTHZ_ERROR] [UnauthorizedUserError] user=bypass-user, required_role=marketplace-requestor, message=Requestor role required
[32mhttp[39m:undefined[0mPOST /api/requests/viewForRequestor [33m403[0m 3.760 ms - 109[0m
[32mhttp[39m:undefined[0mPOST /api/requests/viewForRequestor [32m200[0m 12.429 ms - 862[0m
[32mhttp[39m:undefined[0mPOST /api/requests/viewForRequestNumber [32m200[0m 18.434 ms - 443[0m
[32minfo[39m:    [AUTH_BYPASS] Mock token detected, parsing payload
[33mwarn[39m:    [AUTH_BYPASS] Mock token authenticated: email=vinoth.jagannathan.civ@mail.mil, sub=requestor-user-vinoth, roles=["marketplace-requestor","marketplace:marketplace-requestor"], path=/requests/viewForRequestor, method=POST
[32minfo[39m:    [AUTH_BYPASS] Mock token detected, parsing payload
[33mwarn[39m:    [AUTH_BYPASS] Mock token authenticated: email=bypass@local.dev, sub=bypass-user, roles=[], path=/requests/viewForRequestor, method=POST
[32minfo[39m:    [AUTH_BYPASS] Mock token detected, parsing payload
[33mwarn[39m:    [AUTH_BYPASS] Mock token authenticated: email=vinoth.jagannathan.civ@mail.mil, sub=requestor-user-vinoth, roles=["marketplace-requestor","marketplace:marketplace-requestor"], path=/requests/viewForRequestNumber, method=POST
[33mwarn[39m:    [DENY] bypass-user lacks marketplace-requestor for POST /api/requests/viewForRequestor
[32minfo[39m:    [AUTH_BYPASS] Mock token detected, parsing payload
[33mwarn[39m:    [AUTH_BYPASS] Mock token authenticated: email=bypass@local.dev, sub=bypass-user, roles=[], path=/requests/viewForRequestNumber, method=POST
[33mwarn[39m:    [AUTHZ_ERROR] [UnauthorizedUserError] user=bypass-user, required_role=marketplace-requestor, message=Requestor role required
[32mhttp[39m:undefined[0mPOST /api/requests/viewForRequestor [33m403[0m 3.464 ms - 109[0m
[33mwarn[39m:    [DENY] bypass-user lacks required role(s) for POST /api/requests/viewForRequestNumber
[33mwarn[39m:    [AUTHZ_ERROR] [UnauthorizedUserError] user=bypass-user, required_role=marketplace-approver or marketplace-requestor, message=Adjudicator or requestor role required
[32mhttp[39m:undefined[0mPOST /api/requests/viewForRequestNumber [33m403[0m 4.091 ms - 124[0m
[32mhttp[39m:undefined[0mPOST /api/requests/viewForRequestor [32m200[0m 12.638 ms - 862[0m
[32mhttp[39m:undefined[0mPOST /api/requests/viewForRequestNumber [32m200[0m 15.050 ms - 443[0m
[32minfo[39m:    [AUTH_BYPASS] Mock token detected, parsing payload
[33mwarn[39m:    [AUTH_BYPASS] Mock token authenticated: email=vinoth.jagannathan.civ@mail.mil, sub=requestor-user-vinoth, roles=["marketplace-requestor","marketplace:marketplace-requestor"], path=/requests/viewForRequestNumber, method=POST
[32minfo[39m:    [AUTH_BYPASS] Mock token detected, parsing payload
[33mwarn[39m:    [AUTH_BYPASS] Mock token authenticated: email=bypass@local.dev, sub=bypass-user, roles=[], path=/requests/viewForRequestNumber, method=POST
[32minfo[39m:    [AUTH_BYPASS] Mock token detected, parsing payload
[33mwarn[39m:    [AUTH_BYPASS] Mock token authenticated: email=bypass@local.dev, sub=bypass-user, roles=[], path=/requests/viewForRequestor, method=POST
[32minfo[39m:    [AUTH_BYPASS] Mock token detected, parsing payload
[33mwarn[39m:    [AUTH_BYPASS] Mock token authenticated: email=vinoth.jagannathan.civ@mail.mil, sub=requestor-user-vinoth, roles=["marketplace-requestor","marketplace:marketplace-requestor"], path=/requests/viewForRequestor, method=POST
[33mwarn[39m:    [DENY] bypass-user lacks required role(s) for POST /api/requests/viewForRequestNumber
[33mwarn[39m:    [DENY] bypass-user lacks marketplace-requestor for POST /api/requests/viewForRequestor
[33mwarn[39m:    [AUTHZ_ERROR] [UnauthorizedUserError] user=bypass-user, required_role=marketplace-approver or marketplace-requestor, message=Adjudicator or requestor role required
[32mhttp[39m:undefined[0mPOST /api/requests/viewForRequestNumber [33m403[0m 3.624 ms - 124[0m
[33mwarn[39m:    [AUTHZ_ERROR] [UnauthorizedUserError] user=bypass-user, required_role=marketplace-requestor, message=Requestor role required
[32mhttp[39m:undefined[0mPOST /api/requests/viewForRequestor [33m403[0m 2.447 ms - 109[0m
[32mhttp[39m:undefined[0mPOST /api/requests/viewForRequestNumber [32m200[0m 8.719 ms - 443[0m
[32mhttp[39m:undefined[0mPOST /api/requests/viewForRequestor [32m200[0m 5.746 ms - 862[0m
[32minfo[39m:    [AUTH_BYPASS] Mock token detected, parsing payload
[33mwarn[39m:    [AUTH_BYPASS] Mock token authenticated: email=bypass@local.dev, sub=bypass-user, roles=[], path=/requests/viewForRequestor, method=POST
[32minfo[39m:    [AUTH_BYPASS] Mock token detected, parsing payload
[33mwarn[39m:    [AUTH_BYPASS] Mock token authenticated: email=bypass@local.dev, sub=bypass-user, roles=[], path=/requests/viewForRequestor, method=POST
[33mwarn[39m:    [DENY] bypass-user lacks marketplace-requestor for POST /api/requests/viewForRequestor
[33mwarn[39m:    [AUTHZ_ERROR] [UnauthorizedUserError] user=bypass-user, required_role=marketplace-requestor, message=Requestor role required
[32mhttp[39m:undefined[0mPOST /api/requests/viewForRequestor [33m403[0m 53.979 ms - 109[0m
[33mwarn[39m:    [DENY] bypass-user lacks marketplace-requestor for POST /api/requests/viewForRequestor
[33mwarn[39m:    [AUTHZ_ERROR] [UnauthorizedUserError] user=bypass-user, required_role=marketplace-requestor, message=Requestor role required
[32mhttp[39m:undefined[0mPOST /api/requests/viewForRequestor [33m403[0m 60.533 ms - 109[0m
[32minfo[39m:    [AUTH_BYPASS] Mock token detected, parsing payload
[33mwarn[39m:    [AUTH_BYPASS] Mock token authenticated: email=bypass@local.dev, sub=bypass-user, roles=[], path=/requests/viewForRequestor, method=POST
[32minfo[39m:    [AUTH_BYPASS] Mock token detected, parsing payload
[33mwarn[39m:    [AUTH_BYPASS] Mock token authenticated: email=bypass@local.dev, sub=bypass-user, roles=[], path=/requests/viewForRequestor, method=POST
[33mwarn[39m:    [DENY] bypass-user lacks marketplace-requestor for POST /api/requests/viewForRequestor
[33mwarn[39m:    [AUTHZ_ERROR] [UnauthorizedUserError] user=bypass-user, required_role=marketplace-requestor, message=Requestor role required
[32mhttp[39m:undefined[0mPOST /api/requests/viewForRequestor [33m403[0m 18.211 ms - 109[0m
[33mwarn[39m:    [DENY] bypass-user lacks marketplace-requestor for POST /api/requests/viewForRequestor
[33mwarn[39m:    [AUTHZ_ERROR] [UnauthorizedUserError] user=bypass-user, required_role=marketplace-requestor, message=Requestor role required
[32mhttp[39m:undefined[0mPOST /api/requests/viewForRequestor [33m403[0m 25.302 ms - 109[0m
[32minfo[39m:    [AUTH_BYPASS] Mock token detected, parsing payload
[33mwarn[39m:    [AUTH_BYPASS] Mock token authenticated: email=vinoth.jagannathan.civ@mail.mil, sub=requestor-user-vinoth, roles=["marketplace-requestor","marketplace:marketplace-requestor"], path=/requests/viewForRequestor, method=POST
[32minfo[39m:    [AUTH_BYPASS] Mock token detected, parsing payload
[33mwarn[39m:    [AUTH_BYPASS] Mock token authenticated: email=vinoth.jagannathan.civ@mail.mil, sub=requestor-user-vinoth, roles=["marketplace-requestor","marketplace:marketplace-requestor"], path=/requests/viewForRequestor, method=POST
[32minfo[39m:    [AUTH_BYPASS] Mock token detected, parsing payload
[33mwarn[39m:    [AUTH_BYPASS] Mock token authenticated: email=bypass@local.dev, sub=bypass-user, roles=[], path=/requests/viewForRequestor, method=POST
[33mwarn[39m:    [DENY] bypass-user lacks marketplace-requestor for POST /api/requests/viewForRequestor
[32minfo[39m:    [AUTH_BYPASS] Mock token detected, parsing payload
[33mwarn[39m:    [AUTH_BYPASS] Mock token authenticated: email=bypass@local.dev, sub=bypass-user, roles=[], path=/requests/viewForRequestor, method=POST
[33mwarn[39m:    [AUTHZ_ERROR] [UnauthorizedUserError] user=bypass-user, required_role=marketplace-requestor, message=Requestor role required
[32mhttp[39m:undefined[0mPOST /api/requests/viewForRequestor [33m403[0m 2.456 ms - 109[0m
[33mwarn[39m:    [DENY] bypass-user lacks marketplace-requestor for POST /api/requests/viewForRequestor
[33mwarn[39m:    [AUTHZ_ERROR] [UnauthorizedUserError] user=bypass-user, required_role=marketplace-requestor, message=Requestor role required
[32mhttp[39m:undefined[0mPOST /api/requests/viewForRequestor [33m403[0m 3.692 ms - 109[0m
[32mhttp[39m:undefined[0mPOST /api/requests/viewForRequestor [32m200[0m 14.053 ms - 862[0m
[32mhttp[39m:undefined[0mPOST /api/requests/viewForRequestor [32m200[0m 15.370 ms - 862[0m
[32minfo[39m:    [AUTH_BYPASS] Mock token detected, parsing payload
[33mwarn[39m:    [AUTH_BYPASS] Mock token authenticated: email=bypass@local.dev, sub=bypass-user, roles=[], path=/requests/viewForRequestor, method=POST
[32minfo[39m:    [AUTH_BYPASS] Mock token detected, parsing payload
[33mwarn[39m:    [AUTH_BYPASS] Mock token authenticated: email=bypass@local.dev, sub=bypass-user, roles=[], path=/requests/viewForRequestor, method=POST
[33mwarn[39m:    [DENY] bypass-user lacks marketplace-requestor for POST /api/requests/viewForRequestor
[33mwarn[39m:    [AUTHZ_ERROR] [UnauthorizedUserError] user=bypass-user, required_role=marketplace-requestor, message=Requestor role required
[32mhttp[39m:undefined[0mPOST /api/requests/viewForRequestor [33m403[0m 8.870 ms - 109[0m
[33mwarn[39m:    [DENY] bypass-user lacks marketplace-requestor for POST /api/requests/viewForRequestor
[33mwarn[39m:    [AUTHZ_ERROR] [UnauthorizedUserError] user=bypass-user, required_role=marketplace-requestor, message=Requestor role required
[32mhttp[39m:undefined[0mPOST /api/requests/viewForRequestor [33m403[0m 13.987 ms - 109[0m
[32minfo[39m:    [AUTH_BYPASS] Mock token detected, parsing payload
[33mwarn[39m:    [AUTH_BYPASS] Mock token authenticated: email=vinoth.jagannathan.civ@mail.mil, sub=requestor-user-vinoth, roles=["marketplace-requestor","marketplace:marketplace-requestor"], path=/requests/viewForRequestor, method=POST
[32minfo[39m:    [AUTH_BYPASS] Mock token detected, parsing payload
[33mwarn[39m:    [AUTH_BYPASS] Mock token authenticated: email=vinoth.jagannathan.civ@mail.mil, sub=requestor-user-vinoth, roles=["marketplace-requestor","marketplace:marketplace-requestor"], path=/requests/viewForRequestor, method=POST
[32minfo[39m:    [AUTH_BYPASS] Mock token detected, parsing payload
[33mwarn[39m:    [AUTH_BYPASS] Mock token authenticated: email=bypass@local.dev, sub=bypass-user, roles=[], path=/requests/viewForRequestor, method=POST
[32minfo[39m:    [AUTH_BYPASS] Mock token detected, parsing payload
[33mwarn[39m:    [AUTH_BYPASS] Mock token authenticated: email=bypass@local.dev, sub=bypass-user, roles=[], path=/requests/viewForRequestor, method=POST
[33mwarn[39m:    [DENY] bypass-user lacks marketplace-requestor for POST /api/requests/viewForRequestor
[33mwarn[39m:    [DENY] bypass-user lacks marketplace-requestor for POST /api/requests/viewForRequestor
[33mwarn[39m:    [AUTHZ_ERROR] [UnauthorizedUserError] user=bypass-user, required_role=marketplace-requestor, message=Requestor role required
[32mhttp[39m:undefined[0mPOST /api/requests/viewForRequestor [33m403[0m 72.957 ms - 109[0m
[33mwarn[39m:    [AUTHZ_ERROR] [UnauthorizedUserError] user=bypass-user, required_role=marketplace-requestor, message=Requestor role required
[32mhttp[39m:undefined[0mPOST /api/requests/viewForRequestor [33m403[0m 73.170 ms - 109[0m
[32mhttp[39m:undefined[0mPOST /api/requests/viewForRequestor [32m200[0m 95.323 ms - 862[0m
[32mhttp[39m:undefined[0mPOST /api/requests/viewForRequestor [32m200[0m 90.150 ms - 862[0m
[32minfo[39m:    [AUTH_BYPASS] Mock token detected, parsing payload
[33mwarn[39m:    [AUTH_BYPASS] Mock token authenticated: email=joanna.c.ramsey.civ@mail.mil, sub=approver-user-joanna, roles=["marketplace-approver","marketplace:marketplace-approver"], path=/requests/viewAll, method=POST
[32mhttp[39m:undefined[0mPOST /api/requests/viewAll [32m200[0m 10.126 ms - 1291[0m
[32minfo[39m:    [AUTH_BYPASS] Mock token detected, parsing payload
[33mwarn[39m:    [AUTH_BYPASS] Mock token authenticated: email=joanna.c.ramsey.civ@mail.mil, sub=approver-user-joanna, roles=["marketplace-approver","marketplace:marketplace-approver"], path=/requests/viewAll, method=POST
[32mhttp[39m:undefined[0mPOST /api/requests/viewAll [32m200[0m 10.434 ms - 1291[0m
[32minfo[39m:    [AUTH_BYPASS] Mock token detected, parsing payload
[33mwarn[39m:    [AUTH_BYPASS] Mock token authenticated: email=joanna.c.ramsey.civ@mail.mil, sub=approver-user-joanna, roles=["marketplace-approver","marketplace:marketplace-approver"], path=/requests/viewAll, method=POST
[32minfo[39m:    [AUTH_BYPASS] Mock token detected, parsing payload
[33mwarn[39m:    [AUTH_BYPASS] Mock token authenticated: email=joanna.c.ramsey.civ@mail.mil, sub=approver-user-joanna, roles=["marketplace-approver","marketplace:marketplace-approver"], path=/requests/viewAll, method=POST
[32minfo[39m:    [AUTH_BYPASS] Mock token detected, parsing payload
[33mwarn[39m:    [AUTH_BYPASS] Mock token authenticated: email=bypass@local.dev, sub=bypass-user, roles=[], path=/requests/viewAll, method=POST
[32minfo[39m:    [AUTH_BYPASS] Mock token detected, parsing payload
[33mwarn[39m:    [AUTH_BYPASS] Mock token authenticated: email=bypass@local.dev, sub=bypass-user, roles=[], path=/requests/viewAll, method=POST
[33mwarn[39m:    [DENY] bypass-user lacks marketplace-approver for POST /api/requests/viewAll
[33mwarn[39m:    [AUTHZ_ERROR] [UnauthorizedUserError] user=bypass-user, required_role=marketplace-approver, message=Adjudicator role required
[32mhttp[39m:undefined[0mPOST /api/requests/viewAll [33m403[0m 4.107 ms - 111[0m
[32mhttp[39m:undefined[0mPOST /api/requests/viewAll [32m200[0m 65.370 ms - 1291[0m
[32mhttp[39m:undefined[0mPOST /api/requests/viewAll [32m200[0m 69.611 ms - 1291[0m
[33mwarn[39m:    [DENY] bypass-user lacks marketplace-approver for POST /api/requests/viewAll
[33mwarn[39m:    [AUTHZ_ERROR] [UnauthorizedUserError] user=bypass-user, required_role=marketplace-approver, message=Adjudicator role required
[32mhttp[39m:undefined[0mPOST /api/requests/viewAll [33m403[0m 7.412 ms - 111[0m
[32minfo[39m:    [AUTH_BYPASS] Mock token detected, parsing payload
[33mwarn[39m:    [AUTH_BYPASS] Mock token authenticated: email=joanna.c.ramsey.civ@mail.mil, sub=approver-user-joanna, roles=["marketplace-approver","marketplace:marketplace-approver"], path=/requests/viewAll, method=POST
[32minfo[39m:    [AUTH_BYPASS] Mock token detected, parsing payload
[33mwarn[39m:    [AUTH_BYPASS] Mock token authenticated: email=joanna.c.ramsey.civ@mail.mil, sub=approver-user-joanna, roles=["marketplace-approver","marketplace:marketplace-approver"], path=/requests/viewAll, method=POST
[32minfo[39m:    [AUTH_BYPASS] Mock token detected, parsing payload
[33mwarn[39m:    [AUTH_BYPASS] Mock token authenticated: email=bypass@local.dev, sub=bypass-user, roles=[], path=/requests/viewAll, method=POST
[32minfo[39m:    [AUTH_BYPASS] Mock token detected, parsing payload
[33mwarn[39m:    [AUTH_BYPASS] Mock token authenticated: email=bypass@local.dev, sub=bypass-user, roles=[], path=/requests/viewAll, method=POST
[33mwarn[39m:    [DENY] bypass-user lacks marketplace-approver for POST /api/requests/viewAll
[33mwarn[39m:    [DENY] bypass-user lacks marketplace-approver for POST /api/requests/viewAll
[33mwarn[39m:    [AUTHZ_ERROR] [UnauthorizedUserError] user=bypass-user, required_role=marketplace-approver, message=Adjudicator role required
[32mhttp[39m:undefined[0mPOST /api/requests/viewAll [33m403[0m 4.610 ms - 111[0m
[33mwarn[39m:    [AUTHZ_ERROR] [UnauthorizedUserError] user=bypass-user, required_role=marketplace-approver, message=Adjudicator role required
[32mhttp[39m:undefined[0mPOST /api/requests/viewAll [33m403[0m 6.018 ms - 111[0m
[32mhttp[39m:undefined[0mPOST /api/requests/viewAll [32m200[0m 14.016 ms - 1291[0m
[32mhttp[39m:undefined[0mPOST /api/requests/viewAll [32m200[0m 11.575 ms - 1291[0m
[32minfo[39m:    [AUTH_BYPASS] Mock token detected, parsing payload
[33mwarn[39m:    [AUTH_BYPASS] Mock token authenticated: email=bypass@local.dev, sub=bypass-user, roles=[], path=/requests/viewForRequestNumber, method=POST
[32minfo[39m:    [AUTH_BYPASS] Mock token detected, parsing payload
[33mwarn[39m:    [AUTH_BYPASS] Mock token authenticated: email=bypass@local.dev, sub=bypass-user, roles=[], path=/requests/viewForRequestNumber, method=POST
[33mwarn[39m:    [DENY] bypass-user lacks required role(s) for POST /api/requests/viewForRequestNumber
[33mwarn[39m:    [DENY] bypass-user lacks required role(s) for POST /api/requests/viewForRequestNumber
[33mwarn[39m:    [AUTHZ_ERROR] [UnauthorizedUserError] user=bypass-user, required_role=marketplace-approver or marketplace-requestor, message=Adjudicator or requestor role required
[32mhttp[39m:undefined[0mPOST /api/requests/viewForRequestNumber [33m403[0m 3.975 ms - 124[0m
[33mwarn[39m:    [AUTHZ_ERROR] [UnauthorizedUserError] user=bypass-user, required_role=marketplace-approver or marketplace-requestor, message=Adjudicator or requestor role required
[32mhttp[39m:undefined[0mPOST /api/requests/viewForRequestNumber [33m403[0m 2.377 ms - 124[0m
[32minfo[39m:    [AUTH_BYPASS] Mock token detected, parsing payload
[33mwarn[39m:    [AUTH_BYPASS] Mock token authenticated: email=bypass@local.dev, sub=bypass-user, roles=[], path=/requests/viewAll, method=POST
[32minfo[39m:    [AUTH_BYPASS] Mock token detected, parsing payload
[33mwarn[39m:    [AUTH_BYPASS] Mock token authenticated: email=bypass@local.dev, sub=bypass-user, roles=[], path=/requests/viewAll, method=POST
[33mwarn[39m:    [DENY] bypass-user lacks marketplace-approver for POST /api/requests/viewAll
[33mwarn[39m:    [AUTHZ_ERROR] [UnauthorizedUserError] user=bypass-user, required_role=marketplace-approver, message=Adjudicator role required
[32mhttp[39m:undefined[0mPOST /api/requests/viewAll [33m403[0m 5.021 ms - 111[0m
[33mwarn[39m:    [DENY] bypass-user lacks marketplace-approver for POST /api/requests/viewAll
[33mwarn[39m:    [AUTHZ_ERROR] [UnauthorizedUserError] user=bypass-user, required_role=marketplace-approver, message=Adjudicator role required
[32mhttp[39m:undefined[0mPOST /api/requests/viewAll [33m403[0m 2.101 ms - 111[0m
[32minfo[39m:    [AUTH_BYPASS] Mock token detected, parsing payload
[33mwarn[39m:    [AUTH_BYPASS] Mock token authenticated: email=joanna.c.ramsey.civ@mail.mil, sub=approver-user-joanna, roles=["marketplace-approver","marketplace:marketplace-approver"], path=/requests/viewAll, method=POST
[32minfo[39m:    [AUTH_BYPASS] Mock token detected, parsing payload
[33mwarn[39m:    [AUTH_BYPASS] Mock token authenticated: email=joanna.c.ramsey.civ@mail.mil, sub=approver-user-joanna, roles=["marketplace-approver","marketplace:marketplace-approver"], path=/requests/viewAll, method=POST
[32minfo[39m:    [AUTH_BYPASS] Mock token detected, parsing payload
[33mwarn[39m:    [AUTH_BYPASS] Mock token authenticated: email=bypass@local.dev, sub=bypass-user, roles=[], path=/requests/viewAll, method=POST
[33mwarn[39m:    [DENY] bypass-user lacks marketplace-approver for POST /api/requests/viewAll
[32minfo[39m:    [AUTH_BYPASS] Mock token detected, parsing payload
[33mwarn[39m:    [AUTH_BYPASS] Mock token authenticated: email=bypass@local.dev, sub=bypass-user, roles=[], path=/requests/viewAll, method=POST
[33mwarn[39m:    [AUTHZ_ERROR] [UnauthorizedUserError] user=bypass-user, required_role=marketplace-approver, message=Adjudicator role required
[32mhttp[39m:undefined[0mPOST /api/requests/viewAll [33m403[0m 2.572 ms - 111[0m
[33mwarn[39m:    [DENY] bypass-user lacks marketplace-approver for POST /api/requests/viewAll
[32mhttp[39m:undefined[0mPOST /api/requests/viewAll [32m200[0m 9.383 ms - 1291[0m
[33mwarn[39m:    [AUTHZ_ERROR] [UnauthorizedUserError] user=bypass-user, required_role=marketplace-approver, message=Adjudicator role required
[32mhttp[39m:undefined[0mPOST /api/requests/viewAll [33m403[0m 4.195 ms - 111[0m
[32mhttp[39m:undefined[0mPOST /api/requests/viewAll [32m200[0m 8.558 ms - 1291[0m
[33mwarn[39m:    [AUTH_BYPASS] Request authenticated via global bypass mode: sub=bypass-user, roles=["marketplace-approver","marketplace-requestor"], path=/requests/viewPending, method=POST
[33mwarn[39m:    [AUTH_BYPASS] Request authenticated via global bypass mode: sub=bypass-user, roles=["marketplace-approver","marketplace-requestor"], path=/report/summary, method=GET
[32mhttp[39m:undefined[0mPOST /api/requests/viewPending [32m200[0m 21.771 ms - 1291[0m
[32mhttp[39m:undefined[0mGET /api/report/summary [36m304[0m 23.428 ms - -[0m
[32minfo[39m:    [AUTH_BYPASS] Mock token detected, parsing payload
[33mwarn[39m:    [AUTH_BYPASS] Mock token authenticated: email=bypass@local.dev, sub=bypass-user, roles=[], path=/requests/viewAll, method=POST
[32minfo[39m:    [AUTH_BYPASS] Mock token detected, parsing payload
[33mwarn[39m:    [AUTH_BYPASS] Mock token authenticated: email=bypass@local.dev, sub=bypass-user, roles=[], path=/requests/viewAll, method=POST
[33mwarn[39m:    [DENY] bypass-user lacks marketplace-approver for POST /api/requests/viewAll
[33mwarn[39m:    [AUTHZ_ERROR] [UnauthorizedUserError] user=bypass-user, required_role=marketplace-approver, message=Adjudicator role required
[32mhttp[39m:undefined[0mPOST /api/requests/viewAll [33m403[0m 12.796 ms - 111[0m
[33mwarn[39m:    [DENY] bypass-user lacks marketplace-approver for POST /api/requests/viewAll
[33mwarn[39m:    [AUTHZ_ERROR] [UnauthorizedUserError] user=bypass-user, required_role=marketplace-approver, message=Adjudicator role required
[32mhttp[39m:undefined[0mPOST /api/requests/viewAll [33m403[0m 18.840 ms - 111[0m
[32minfo[39m:    [AUTH_BYPASS] Mock token detected, parsing payload
[33mwarn[39m:    [AUTH_BYPASS] Mock token authenticated: email=joanna.c.ramsey.civ@mail.mil, sub=approver-user-joanna, roles=["marketplace-approver","marketplace:marketplace-approver"], path=/requests/viewAll, method=POST
[32minfo[39m:    [AUTH_BYPASS] Mock token detected, parsing payload
[33mwarn[39m:    [AUTH_BYPASS] Mock token authenticated: email=joanna.c.ramsey.civ@mail.mil, sub=approver-user-joanna, roles=["marketplace-approver","marketplace:marketplace-approver"], path=/requests/viewAll, method=POST
[32minfo[39m:    [AUTH_BYPASS] Mock token detected, parsing payload
[33mwarn[39m:    [AUTH_BYPASS] Mock token authenticated: email=bypass@local.dev, sub=bypass-user, roles=[], path=/requests/viewAll, method=POST
[33mwarn[39m:    [DENY] bypass-user lacks marketplace-approver for POST /api/requests/viewAll
[32minfo[39m:    [AUTH_BYPASS] Mock token detected, parsing payload
[33mwarn[39m:    [AUTH_BYPASS] Mock token authenticated: email=bypass@local.dev, sub=bypass-user, roles=[], path=/requests/viewAll, method=POST
[33mwarn[39m:    [AUTHZ_ERROR] [UnauthorizedUserError] user=bypass-user, required_role=marketplace-approver, message=Adjudicator role required
[32mhttp[39m:undefined[0mPOST /api/requests/viewAll [33m403[0m 3.364 ms - 111[0m
[33mwarn[39m:    [DENY] bypass-user lacks marketplace-approver for POST /api/requests/viewAll
[33mwarn[39m:    [AUTHZ_ERROR] [UnauthorizedUserError] user=bypass-user, required_role=marketplace-approver, message=Adjudicator role required
[32mhttp[39m:undefined[0mPOST /api/requests/viewAll [33m403[0m 2.631 ms - 111[0m
[32mhttp[39m:undefined[0mPOST /api/requests/viewAll [32m200[0m 18.543 ms - 1291[0m
[32mhttp[39m:undefined[0mPOST /api/requests/viewAll [32m200[0m 16.683 ms - 1291[0m
[32minfo[39m:    [AUTH_BYPASS] Mock token detected, parsing payload
[33mwarn[39m:    [AUTH_BYPASS] Mock token authenticated: email=vinoth.jagannathan.civ@mail.mil, sub=requestor-user-vinoth, roles=["marketplace-requestor","marketplace:marketplace-requestor"], path=/requests/viewForRequestor, method=POST
[32minfo[39m:    [AUTH_BYPASS] Mock token detected, parsing payload
[33mwarn[39m:    [AUTH_BYPASS] Mock token authenticated: email=bypass@local.dev, sub=bypass-user, roles=[], path=/requests/viewForRequestor, method=POST
[33mwarn[39m:    [DENY] bypass-user lacks marketplace-requestor for POST /api/requests/viewForRequestor
[33mwarn[39m:    [AUTHZ_ERROR] [UnauthorizedUserError] user=bypass-user, required_role=marketplace-requestor, message=Requestor role required
[32mhttp[39m:undefined[0mPOST /api/requests/viewForRequestor [33m403[0m 19.346 ms - 109[0m
[32mhttp[39m:undefined[0mPOST /api/requests/viewForRequestor [32m200[0m 33.343 ms - 862[0m
[32minfo[39m:    [AUTH_BYPASS] Mock token detected, parsing payload
[33mwarn[39m:    [AUTH_BYPASS] Mock token authenticated: email=bypass@local.dev, sub=bypass-user, roles=[], path=/requests/viewForRequestor, method=POST
[32minfo[39m:    [AUTH_BYPASS] Mock token detected, parsing payload
[33mwarn[39m:    [AUTH_BYPASS] Mock token authenticated: email=bypass@local.dev, sub=bypass-user, roles=[], path=/requests/viewForRequestor, method=POST
[33mwarn[39m:    [DENY] bypass-user lacks marketplace-requestor for POST /api/requests/viewForRequestor
[33mwarn[39m:    [AUTHZ_ERROR] [UnauthorizedUserError] user=bypass-user, required_role=marketplace-requestor, message=Requestor role required
[32mhttp[39m:undefined[0mPOST /api/requests/viewForRequestor [33m403[0m 7.462 ms - 109[0m
[33mwarn[39m:    [DENY] bypass-user lacks marketplace-requestor for POST /api/requests/viewForRequestor
[33mwarn[39m:    [AUTHZ_ERROR] [UnauthorizedUserError] user=bypass-user, required_role=marketplace-requestor, message=Requestor role required
[32mhttp[39m:undefined[0mPOST /api/requests/viewForRequestor [33m403[0m 3.235 ms - 109[0m
[32minfo[39m:    [AUTH_BYPASS] Mock token detected, parsing payload
[33mwarn[39m:    [AUTH_BYPASS] Mock token authenticated: email=vinoth.jagannathan.civ@mail.mil, sub=requestor-user-vinoth, roles=["marketplace-requestor","marketplace:marketplace-requestor"], path=/requests/viewForRequestor, method=POST
[32minfo[39m:    [AUTH_BYPASS] Mock token detected, parsing payload
[33mwarn[39m:    [AUTH_BYPASS] Mock token authenticated: email=vinoth.jagannathan.civ@mail.mil, sub=requestor-user-vinoth, roles=["marketplace-requestor","marketplace:marketplace-requestor"], path=/requests/viewForRequestor, method=POST
[32minfo[39m:    [AUTH_BYPASS] Mock token detected, parsing payload
[33mwarn[39m:    [AUTH_BYPASS] Mock token authenticated: email=bypass@local.dev, sub=bypass-user, roles=[], path=/requests/viewForRequestor, method=POST
[33mwarn[39m:    [DENY] bypass-user lacks marketplace-requestor for POST /api/requests/viewForRequestor
[32minfo[39m:    [AUTH_BYPASS] Mock token detected, parsing payload
[33mwarn[39m:    [AUTH_BYPASS] Mock token authenticated: email=bypass@local.dev, sub=bypass-user, roles=[], path=/requests/viewForRequestor, method=POST
[33mwarn[39m:    [AUTHZ_ERROR] [UnauthorizedUserError] user=bypass-user, required_role=marketplace-requestor, message=Requestor role required
[32mhttp[39m:undefined[0mPOST /api/requests/viewForRequestor [33m403[0m 3.174 ms - 109[0m
[32mhttp[39m:undefined[0mPOST /api/requests/viewForRequestor [32m200[0m 9.507 ms - 862[0m
[33mwarn[39m:    [DENY] bypass-user lacks marketplace-requestor for POST /api/requests/viewForRequestor
[33mwarn[39m:    [AUTHZ_ERROR] [UnauthorizedUserError] user=bypass-user, required_role=marketplace-requestor, message=Requestor role required
[32mhttp[39m:undefined[0mPOST /api/requests/viewForRequestor [33m403[0m 3.611 ms - 109[0m
[32mhttp[39m:undefined[0mPOST /api/requests/viewForRequestor [32m200[0m 12.158 ms - 862[0m
[32minfo[39m:    [AUTH_BYPASS] Mock token detected, parsing payload
[33mwarn[39m:    [AUTH_BYPASS] Mock token authenticated: email=bypass@local.dev, sub=bypass-user, roles=[], path=/requests, method=POST
[33mwarn[39m:    [DENY] bypass-user lacks required role(s) for POST /api/requests
[33mwarn[39m:    [AUTHZ_ERROR] [UnauthorizedUserError] user=bypass-user, required_role=marketplace-approver or marketplace-requestor, message=Adjudicator or requestor role required
[32mhttp[39m:undefined[0mPOST /api/requests [33m403[0m 7.791 ms - 124[0m
[32minfo[39m:    [AUTH_BYPASS] Mock token detected, parsing payload
[33mwarn[39m:    [AUTH_BYPASS] Mock token authenticated: email=bypass@local.dev, sub=bypass-user, roles=[], path=/requests, method=POST
[33mwarn[39m:    [DENY] bypass-user lacks required role(s) for POST /api/requests
[33mwarn[39m:    [AUTHZ_ERROR] [UnauthorizedUserError] user=bypass-user, required_role=marketplace-approver or marketplace-requestor, message=Adjudicator or requestor role required
[32mhttp[39m:undefined[0mPOST /api/requests [33m403[0m 2.912 ms - 124[0m
[32minfo[39m:    [AUTH_BYPASS] Mock token detected, parsing payload
[33mwarn[39m:    [AUTH_BYPASS] Mock token authenticated: email=bypass@local.dev, sub=bypass-user, roles=[], path=/requests, method=POST
[33mwarn[39m:    [DENY] bypass-user lacks required role(s) for POST /api/requests
[33mwarn[39m:    [AUTHZ_ERROR] [UnauthorizedUserError] user=bypass-user, required_role=marketplace-approver or marketplace-requestor, message=Adjudicator or requestor role required
[32mhttp[39m:undefined[0mPOST /api/requests [33m403[0m 3.492 ms - 124[0m
[32minfo[39m:    [AUTH_BYPASS] Mock token detected, parsing payload
[33mwarn[39m:    [AUTH_BYPASS] Mock token authenticated: email=bypass@local.dev, sub=bypass-user, roles=[], path=/requests, method=POST
[33mwarn[39m:    [DENY] bypass-user lacks required role(s) for POST /api/requests
[33mwarn[39m:    [AUTHZ_ERROR] [UnauthorizedUserError] user=bypass-user, required_role=marketplace-approver or marketplace-requestor, message=Adjudicator or requestor role required
[32mhttp[39m:undefined[0mPOST /api/requests [33m403[0m 10.124 ms - 124[0m
[32minfo[39m:    [AUTH_BYPASS] Mock token detected, parsing payload
[33mwarn[39m:    [AUTH_BYPASS] Mock token authenticated: email=vinoth.jagannathan.civ@mail.mil, sub=requestor-user-vinoth, roles=["marketplace-requestor","marketplace:marketplace-requestor"], path=/requests/viewForRequestor, method=POST
[32minfo[39m:    [AUTH_BYPASS] Mock token detected, parsing payload
[33mwarn[39m:    [AUTH_BYPASS] Mock token authenticated: email=bypass@local.dev, sub=bypass-user, roles=[], path=/requests/viewForRequestor, method=POST
[32mhttp[39m:undefined[0mPOST /api/requests/viewForRequestor [0m-[0m - ms - -[0m
[32mhttp[39m:undefined[0mPOST /api/requests/viewForRequestor [0m-[0m - ms - -[0m
[33mwarn[39m:    [DENY] bypass-user lacks marketplace-requestor for POST /api/requests/viewForRequestor
[33mwarn[39m:    [AUTHZ_ERROR] [UnauthorizedUserError] user=bypass-user, required_role=marketplace-requestor, message=Requestor role required
[32minfo[39m:    [AUTH_BYPASS] Mock token detected, parsing payload
[33mwarn[39m:    [AUTH_BYPASS] Mock token authenticated: email=vinoth.jagannathan.civ@mail.mil, sub=requestor-user-vinoth, roles=["marketplace-requestor","marketplace:marketplace-requestor"], path=/requests/viewForRequestor, method=POST
[32minfo[39m:    [AUTH_BYPASS] Mock token detected, parsing payload
[33mwarn[39m:    [AUTH_BYPASS] Mock token authenticated: email=bypass@local.dev, sub=bypass-user, roles=[], path=/requests/viewForRequestor, method=POST
[33mwarn[39m:    [DENY] bypass-user lacks marketplace-requestor for POST /api/requests/viewForRequestor
[33mwarn[39m:    [AUTHZ_ERROR] [UnauthorizedUserError] user=bypass-user, required_role=marketplace-requestor, message=Requestor role required
[32mhttp[39m:undefined[0mPOST /api/requests/viewForRequestor [33m403[0m 1.202 ms - 109[0m
[32mhttp[39m:undefined[0mPOST /api/requests/viewForRequestor [32m200[0m 12.506 ms - 862[0m
[32minfo[39m:    [AUTH_BYPASS] Mock token detected, parsing payload
[33mwarn[39m:    [AUTH_BYPASS] Mock token authenticated: email=elizabeth.allen@mail.mil, sub=elizabeth.allen, roles=["marketplace-requestor"], path=/requests/viewForRequestor, method=POST
[32minfo[39m:    [AUTH_BYPASS] Mock token detected, parsing payload
[33mwarn[39m:    [AUTH_BYPASS] Mock token authenticated: email=elizabeth.allen@mail.mil, sub=elizabeth.allen, roles=["marketplace-requestor"], path=/requests/viewForRequestor, method=POST
[32minfo[39m:    [AUTH] User elizabeth.allen@mail.mil already exists (race condition), fetching...
[32mhttp[39m:undefined[0mPOST /api/requests/viewForRequestor [32m200[0m 44.086 ms - 15[0m
[32mhttp[39m:undefined[0mPOST /api/requests/viewForRequestor [32m200[0m 56.366 ms - 15[0m
[32minfo[39m:    [AUTH_BYPASS] Mock token detected, parsing payload
[33mwarn[39m:    [AUTH_BYPASS] Mock token authenticated: email=elizabeth.y.ahn.civ@mail.mil, sub=requestor-user-elizabeth, roles=["marketplace-requestor","marketplace:marketplace-requestor"], path=/requests/viewForRequestor, method=POST
[32minfo[39m:    [AUTH_BYPASS] Mock token detected, parsing payload
[33mwarn[39m:    [AUTH_BYPASS] Mock token authenticated: email=bypass@local.dev, sub=bypass-user, roles=[], path=/requests/viewForRequestor, method=POST
[33mwarn[39m:    [DENY] bypass-user lacks marketplace-requestor for POST /api/requests/viewForRequestor
[33mwarn[39m:    [AUTHZ_ERROR] [UnauthorizedUserError] user=bypass-user, required_role=marketplace-requestor, message=Requestor role required
[32mhttp[39m:undefined[0mPOST /api/requests/viewForRequestor [33m403[0m 1.962 ms - 109[0m
[32mhttp[39m:undefined[0mPOST /api/requests/viewForRequestor [32m200[0m 5.417 ms - 15[0m
[32minfo[39m:    [AUTH_BYPASS] Mock token detected, parsing payload
[33mwarn[39m:    [AUTH_BYPASS] Mock token authenticated: email=bypass@local.dev, sub=bypass-user, roles=[], path=/requests/viewForRequestor, method=POST
[32minfo[39m:    [AUTH_BYPASS] Mock token detected, parsing payload
[33mwarn[39m:    [AUTH_BYPASS] Mock token authenticated: email=bypass@local.dev, sub=bypass-user, roles=[], path=/requests/viewForRequestor, method=POST
[33mwarn[39m:    [DENY] bypass-user lacks marketplace-requestor for POST /api/requests/viewForRequestor
[33mwarn[39m:    [AUTHZ_ERROR] [UnauthorizedUserError] user=bypass-user, required_role=marketplace-requestor, message=Requestor role required
[32mhttp[39m:undefined[0mPOST /api/requests/viewForRequestor [33m403[0m 25.201 ms - 109[0m
[33mwarn[39m:    [DENY] bypass-user lacks marketplace-requestor for POST /api/requests/viewForRequestor
[33mwarn[39m:    [AUTHZ_ERROR] [UnauthorizedUserError] user=bypass-user, required_role=marketplace-requestor, message=Requestor role required
[32mhttp[39m:undefined[0mPOST /api/requests/viewForRequestor [33m403[0m 37.785 ms - 109[0m
[32minfo[39m:    [AUTH_BYPASS] Mock token detected, parsing payload
[33mwarn[39m:    [AUTH_BYPASS] Mock token authenticated: email=elizabeth.y.ahn.civ@mail.mil, sub=requestor-user-elizabeth, roles=["marketplace-requestor","marketplace:marketplace-requestor"], path=/requests, method=POST
[32mhttp[39m:undefined[0mPOST /api/requests [32m200[0m 55.536 ms - 39[0m
[32minfo[39m:    [AUTH_BYPASS] Mock token detected, parsing payload
[33mwarn[39m:    [AUTH_BYPASS] Mock token authenticated: email=elizabeth.y.ahn.civ@mail.mil, sub=requestor-user-elizabeth, roles=["marketplace-requestor","marketplace:marketplace-requestor"], path=/requests/viewForRequestor, method=POST
[32mhttp[39m:undefined[0mPOST /api/requests/viewForRequestor [32m200[0m 7.774 ms - 415[0m
[32minfo[39m:    [AUTH_BYPASS] Mock token detected, parsing payload
[33mwarn[39m:    [AUTH_BYPASS] Mock token authenticated: email=elizabeth.y.ahn.civ@mail.mil, sub=requestor-user-elizabeth, roles=["marketplace-requestor","marketplace:marketplace-requestor"], path=/requests/viewForRequestor, method=POST
[32minfo[39m:    [AUTH_BYPASS] Mock token detected, parsing payload
[33mwarn[39m:    [AUTH_BYPASS] Mock token authenticated: email=elizabeth.y.ahn.civ@mail.mil, sub=requestor-user-elizabeth, roles=["marketplace-requestor","marketplace:marketplace-requestor"], path=/requests/viewForRequestor, method=POST
[32mhttp[39m:undefined[0mPOST /api/requests/viewForRequestor [32m200[0m 12.592 ms - 415[0m
[32mhttp[39m:undefined[0mPOST /api/requests/viewForRequestor [32m200[0m 12.297 ms - 415[0m
[32minfo[39m:    [AUTH_BYPASS] Mock token detected, parsing payload
[33mwarn[39m:    [AUTH_BYPASS] Mock token authenticated: email=bypass@local.dev, sub=bypass-user, roles=[], path=/requests/viewAll, method=POST
[32minfo[39m:    [AUTH_BYPASS] Mock token detected, parsing payload
[33mwarn[39m:    [AUTH_BYPASS] Mock token authenticated: email=bypass@local.dev, sub=bypass-user, roles=[], path=/requests/viewAll, method=POST
[32minfo[39m:    [AUTH_BYPASS] Mock token detected, parsing payload
[33mwarn[39m:    [AUTH_BYPASS] Mock token authenticated: email=bypass@local.dev, sub=bypass-user, roles=[], path=/requests/viewAll, method=POST
[32minfo[39m:    [AUTH_BYPASS] Mock token detected, parsing payload
[33mwarn[39m:    [AUTH_BYPASS] Mock token authenticated: email=bypass@local.dev, sub=bypass-user, roles=[], path=/requests/viewAll, method=POST
[33mwarn[39m:    [DENY] bypass-user lacks marketplace-approver for POST /api/requests/viewAll
[33mwarn[39m:    [DENY] bypass-user lacks marketplace-approver for POST /api/requests/viewAll
[33mwarn[39m:    [AUTHZ_ERROR] [UnauthorizedUserError] user=bypass-user, required_role=marketplace-approver, message=Adjudicator role required
[32mhttp[39m:undefined[0mPOST /api/requests/viewAll [33m403[0m 2.901 ms - 111[0m
[33mwarn[39m:    [AUTHZ_ERROR] [UnauthorizedUserError] user=bypass-user, required_role=marketplace-approver, message=Adjudicator role required
[32mhttp[39m:undefined[0mPOST /api/requests/viewAll [33m403[0m 2.241 ms - 111[0m
[33mwarn[39m:    [DENY] bypass-user lacks marketplace-approver for POST /api/requests/viewAll
[33mwarn[39m:    [AUTHZ_ERROR] [UnauthorizedUserError] user=bypass-user, required_role=marketplace-approver, message=Adjudicator role required
[32mhttp[39m:undefined[0mPOST /api/requests/viewAll [33m403[0m 1.893 ms - 111[0m
[33mwarn[39m:    [DENY] bypass-user lacks marketplace-approver for POST /api/requests/viewAll
[33mwarn[39m:    [AUTHZ_ERROR] [UnauthorizedUserError] user=bypass-user, required_role=marketplace-approver, message=Adjudicator role required
[32mhttp[39m:undefined[0mPOST /api/requests/viewAll [33m403[0m 1.860 ms - 111[0m
[32minfo[39m:    [AUTH_BYPASS] Mock token detected, parsing payload
[33mwarn[39m:    [AUTH_BYPASS] Mock token authenticated: email=bypass@local.dev, sub=bypass-user, roles=[], path=/requests/viewAll, method=POST
[32minfo[39m:    [AUTH_BYPASS] Mock token detected, parsing payload
[33mwarn[39m:    [AUTH_BYPASS] Mock token authenticated: email=bypass@local.dev, sub=bypass-user, roles=[], path=/requests/viewAll, method=POST
[32minfo[39m:    [AUTH_BYPASS] Mock token detected, parsing payload
[33mwarn[39m:    [AUTH_BYPASS] Mock token authenticated: email=bypass@local.dev, sub=bypass-user, roles=[], path=/requests/viewAll, method=POST
[32minfo[39m:    [AUTH_BYPASS] Mock token detected, parsing payload
[33mwarn[39m:    [AUTH_BYPASS] Mock token authenticated: email=bypass@local.dev, sub=bypass-user, roles=[], path=/requests/viewAll, method=POST
[33mwarn[39m:    [DENY] bypass-user lacks marketplace-approver for POST /api/requests/viewAll
[33mwarn[39m:    [DENY] bypass-user lacks marketplace-approver for POST /api/requests/viewAll
[33mwarn[39m:    [DENY] bypass-user lacks marketplace-approver for POST /api/requests/viewAll
[33mwarn[39m:    [DENY] bypass-user lacks marketplace-approver for POST /api/requests/viewAll
[33mwarn[39m:    [AUTHZ_ERROR] [UnauthorizedUserError] user=bypass-user, required_role=marketplace-approver, message=Adjudicator role required
[32mhttp[39m:undefined[0mPOST /api/requests/viewAll [33m403[0m 3.966 ms - 111[0m
[33mwarn[39m:    [AUTHZ_ERROR] [UnauthorizedUserError] user=bypass-user, required_role=marketplace-approver, message=Adjudicator role required
[32mhttp[39m:undefined[0mPOST /api/requests/viewAll [33m403[0m 3.702 ms - 111[0m
[33mwarn[39m:    [AUTHZ_ERROR] [UnauthorizedUserError] user=bypass-user, required_role=marketplace-approver, message=Adjudicator role required
[32mhttp[39m:undefined[0mPOST /api/requests/viewAll [33m403[0m 3.603 ms - 111[0m
[33mwarn[39m:    [AUTHZ_ERROR] [UnauthorizedUserError] user=bypass-user, required_role=marketplace-approver, message=Adjudicator role required
[32mhttp[39m:undefined[0mPOST /api/requests/viewAll [33m403[0m 3.565 ms - 111[0m
[32minfo[39m:    [AUTH_BYPASS] Mock token detected, parsing payload
[33mwarn[39m:    [AUTH_BYPASS] Mock token authenticated: email=bypass@local.dev, sub=bypass-user, roles=[], path=/requests/viewAll, method=POST
[32minfo[39m:    [AUTH_BYPASS] Mock token detected, parsing payload
[33mwarn[39m:    [AUTH_BYPASS] Mock token authenticated: email=bypass@local.dev, sub=bypass-user, roles=[], path=/requests/viewAll, method=POST
[32minfo[39m:    [AUTH_BYPASS] Mock token detected, parsing payload
[33mwarn[39m:    [AUTH_BYPASS] Mock token authenticated: email=bypass@local.dev, sub=bypass-user, roles=[], path=/requests/viewAll, method=POST
[32minfo[39m:    [AUTH_BYPASS] Mock token detected, parsing payload
[33mwarn[39m:    [AUTH_BYPASS] Mock token authenticated: email=bypass@local.dev, sub=bypass-user, roles=[], path=/requests/viewAll, method=POST
[33mwarn[39m:    [DENY] bypass-user lacks marketplace-approver for POST /api/requests/viewAll
[33mwarn[39m:    [DENY] bypass-user lacks marketplace-approver for POST /api/requests/viewAll
[33mwarn[39m:    [DENY] bypass-user lacks marketplace-approver for POST /api/requests/viewAll
[33mwarn[39m:    [DENY] bypass-user lacks marketplace-approver for POST /api/requests/viewAll
[33mwarn[39m:    [AUTHZ_ERROR] [UnauthorizedUserError] user=bypass-user, required_role=marketplace-approver, message=Adjudicator role required
[32mhttp[39m:undefined[0mPOST /api/requests/viewAll [33m403[0m 4.294 ms - 111[0m
[33mwarn[39m:    [AUTHZ_ERROR] [UnauthorizedUserError] user=bypass-user, required_role=marketplace-approver, message=Adjudicator role required
[32mhttp[39m:undefined[0mPOST /api/requests/viewAll [33m403[0m 3.160 ms - 111[0m
[33mwarn[39m:    [AUTHZ_ERROR] [UnauthorizedUserError] user=bypass-user, required_role=marketplace-approver, message=Adjudicator role required
[32mhttp[39m:undefined[0mPOST /api/requests/viewAll [33m403[0m 2.870 ms - 111[0m
[33mwarn[39m:    [AUTHZ_ERROR] [UnauthorizedUserError] user=bypass-user, required_role=marketplace-approver, message=Adjudicator role required
[32mhttp[39m:undefined[0mPOST /api/requests/viewAll [33m403[0m 3.002 ms - 111[0m
[32minfo[39m:    [AUTH_BYPASS] Mock token detected, parsing payload
[33mwarn[39m:    [AUTH_BYPASS] Mock token authenticated: email=bypass@local.dev, sub=bypass-user, roles=[], path=/requests/viewAll, method=POST
[32minfo[39m:    [AUTH_BYPASS] Mock token detected, parsing payload
[33mwarn[39m:    [AUTH_BYPASS] Mock token authenticated: email=bypass@local.dev, sub=bypass-user, roles=[], path=/requests/viewAll, method=POST
[32minfo[39m:    [AUTH_BYPASS] Mock token detected, parsing payload
[33mwarn[39m:    [AUTH_BYPASS] Mock token authenticated: email=bypass@local.dev, sub=bypass-user, roles=[], path=/requests/viewAll, method=POST
[32minfo[39m:    [AUTH_BYPASS] Mock token detected, parsing payload
[33mwarn[39m:    [AUTH_BYPASS] Mock token authenticated: email=bypass@local.dev, sub=bypass-user, roles=[], path=/requests/viewAll, method=POST
[33mwarn[39m:    [DENY] bypass-user lacks marketplace-approver for POST /api/requests/viewAll
[33mwarn[39m:    [AUTHZ_ERROR] [UnauthorizedUserError] user=bypass-user, required_role=marketplace-approver, message=Adjudicator role required
[32mhttp[39m:undefined[0mPOST /api/requests/viewAll [33m403[0m 77.396 ms - 111[0m
[33mwarn[39m:    [DENY] bypass-user lacks marketplace-approver for POST /api/requests/viewAll
[33mwarn[39m:    [AUTHZ_ERROR] [UnauthorizedUserError] user=bypass-user, required_role=marketplace-approver, message=Adjudicator role required
[32mhttp[39m:undefined[0mPOST /api/requests/viewAll [33m403[0m 83.547 ms - 111[0m
[33mwarn[39m:    [DENY] bypass-user lacks marketplace-approver for POST /api/requests/viewAll
[33mwarn[39m:    [AUTHZ_ERROR] [UnauthorizedUserError] user=bypass-user, required_role=marketplace-approver, message=Adjudicator role required
[32mhttp[39m:undefined[0mPOST /api/requests/viewAll [33m403[0m 86.507 ms - 111[0m
[33mwarn[39m:    [DENY] bypass-user lacks marketplace-approver for POST /api/requests/viewAll
[33mwarn[39m:    [AUTHZ_ERROR] [UnauthorizedUserError] user=bypass-user, required_role=marketplace-approver, message=Adjudicator role required
[32mhttp[39m:undefined[0mPOST /api/requests/viewAll [33m403[0m 93.294 ms - 111[0m
